Sample,Time_us,Raw_u16,Voltage_V
0,186,17812,0.896919
1,1014,12691,0.639052
2,2009,13683,0.689004
3,3013,22117,1.113696
4,4010,34648,1.744692
5,5014,46651,2.349100
6,6010,53389,2.688391
7,7014,52444,2.640806
8,8011,44122,2.221753
9,9009,31559,1.589146
10,10013,19460,0.979904
11,11009,12723,0.640664
12,12013,13747,0.692227
13,13010,22037,1.109668
14,14014,34648,1.744692
15,15010,46587,2.345878
16,16014,53437,2.690808
17,17012,52380,2.637583
18,18010,44298,2.230616
19,19014,31559,1.589146
20,20010,19588,0.986349
21,21014,12755,0.642275
22,22010,13715,0.690616
23,23014,22133,1.114502
24,24011,34712,1.747915
25,25011,46651,2.349100
26,26009,53485,2.693225
27,27012,52556,2.646445
28,28009,44218,2.226587
29,29013,31479,1.585118
30,30009,19540,0.983932
31,31013,12771,0.643081
32,32009,13747,0.692227
33,33010,22037,1.109668
34,34008,34632,1.743886
35,35012,46635,2.348295
36,36008,53437,2.690808
37,37012,52492,2.643222
38,38009,44090,2.220142
39,39013,31415,1.581895
40,40009,19524,0.983127
41,41010,12739,0.641469
42,42011,13715,0.690616
43,43008,22005,1.108057
44,44012,34680,1.746303
45,45009,46523,2.342655
46,46013,53357,2.686780
47,47009,52412,2.639194
48,48013,44074,2.219336
49,49013,31463,1.584312
50,50011,19444,0.979098
51,51015,12611,0.635024
52,52011,13523,0.680948
53,53008,21893,1.102417
54,54012,34728,1.748720
55,55008,46667,2.349906
56,56012,53501,2.694030
57,57013,52540,2.645640
58,58012,44122,2.221753
59,59008,31543,1.588340
60,60012,19524,0.983127
61,61008,12787,0.643886
62,62012,13747,0.692227
63,63009,22053,1.110474
64,64013,34728,1.748720
65,65014,46667,2.349906
66,66013,53453,2.691614
67,67010,52524,2.644834
68,68014,44090,2.220142
69,69010,31511,1.586729
70,70014,19492,0.981515
71,71011,12819,0.645498
72,72015,13763,0.693033
73,73010,21957,1.105640
74,74014,34696,1.747109
75,75011,46667,2.349906
76,76015,53421,2.690002
77,77011,52476,2.642417
78,78015,44074,2.219336
79,79011,31495,1.585924
80,80008,19492,0.981515
81,81010,12595,0.634218
82,82009,13683,0.689004
83,83014,21989,1.107251
84,84011,34520,1.738247
85,85015,46603,2.346684
86,86011,53517,2.694836
87,87015,52508,2.644028
88,88011,44074,2.219336
89,89013,31527,1.587535
90,90011,19508,0.982321
91,91015,12755,0.642275
92,92011,13763,0.693033
93,93015,22133,1.114502
94,94011,34664,1.745498
95,95008,46603,2.346684
96,96012,53389,2.688391
97,97015,52412,2.639194
98,98013,44074,2.219336
99,99010,31447,1.583506
100,100014,19508,0.982321
101,101011,12739,0.641469
102,102015,13667,0.688199
103,103011,22101,1.112891
104,104015,34728,1.748720
105,105010,46571,2.345072
106,106010,53469,2.692419
107,107014,52524,2.644834
108,108011,44218,2.226587
109,109015,31287,1.575450
110,110011,19316,0.972653
111,111015,12675,0.638247
112,112011,13571,0.683365
113,113013,22021,1.108862
114,114010,34600,1.742275
115,115014,46571,2.345072
116,116010,53533,2.695642
117,117014,52572,2.647251
118,118011,44058,2.218530
119,119015,31527,1.587535
120,120011,19588,0.986349
121,121010,12691,0.639052
122,122014,13747,0.692227
123,123011,22069,1.111280
124,124015,34728,1.748720
125,125011,46635,2.348295
126,126015,53437,2.690808
127,127011,52460,2.641611
128,128008,44122,2.221753
129,129010,31559,1.589146
130,130015,19492,0.981515
131,131012,12595,0.634218
132,132008,13619,0.685782
133,133012,21909,1.103223
134,134009,34488,1.736635
135,135013,46491,2.341044
136,136009,53373,2.687585
137,137010,52428,2.640000
138,138015,44010,2.216114
139,139011,31511,1.586729
140,140015,19508,0.982321
141,141011,12771,0.643081
142,142008,13699,0.689810
143,143012,22085,1.112085
144,144008,34536,1.739052
145,145012,46539,2.343460
146,146009,53277,2.682751
147,147013,52476,2.642417
148,148009,44282,2.229810
149,149013,31575,1.589952
150,150009,19604,0.987155
151,151013,12755,0.642275
152,152010,13715,0.690616
153,153013,22117,1.113696
154,154010,34744,1.749526
155,155014,46731,2.353129
156,156011,53501,2.694030
157,157015,52508,2.644028
158,158011,44218,2.226587
159,159015,31511,1.586729
160,160011,19588,0.986349
161,161015,12707,0.639858
162,162013,13763,0.693033
163,163010,22101,1.112891
164,164013,34760,1.750332
165,165010,46651,2.349100
166,166014,53501,2.694030
167,167010,52556,2.646445
168,168014,44154,2.223364
169,169012,31543,1.588340
170,170010,19588,0.986349
171,171015,12723,0.640664
172,172012,13683,0.689004
173,173008,22021,1.108862
174,174012,34568,1.740664
175,175009,46683,2.350712
176,176013,53549,2.696448
177,177010,52508,2.644028
178,178015,44042,2.217725
179,179011,31543,1.588340
180,180008,19604,0.987155
181,181012,12723,0.640664
182,182008,13651,0.687393
183,183012,22117,1.113696
184,184009,34696,1.747109
185,185014,46699,2.351518
186,186013,53437,2.690808
187,187010,52492,2.643222
188,188014,44090,2.220142
189,189010,31543,1.588340
190,190014,19524,0.983127
191,191011,12755,0.642275
192,192015,13731,0.691421
193,193013,22085,1.112085
194,194011,34648,1.744692
195,195015,46603,2.346684
196,196011,53453,2.691614
197,197008,52460,2.641611
198,198012,43978,2.214502
199,199008,31383,1.580284
200,200012,19412,0.977487
201,201010,12595,0.634218
202,202014,13539,0.681753
203,203011,21973,1.106445
204,204015,34728,1.748720
205,205011,46635,2.348295
206,206008,53405,2.689196
207,207012,52444,2.640806
208,208008,44170,2.224170
209,209015,31319,1.577061
210,210015,19300,0.971847
211,211011,12691,0.639052
212,212008,13699,0.689810
213,213012,22165,1.116114
214,214008,34696,1.747109
215,215012,46667,2.349906
216,216009,53549,2.696448
217,217015,52620,2.649668
218,218012,44202,2.225782
219,219009,31639,1.593175
220,220013,19572,0.985544
221,221009,12739,0.641469
222,222013,13715,0.690616
223,223010,22085,1.112085
224,224014,34760,1.750332
225,225012,46651,2.349100
226,226009,53453,2.691614
227,227013,52508,2.644028
228,228009,44138,2.222559
229,229013,31479,1.585118
230,230010,19540,0.983932
231,231014,12739,0.641469
232,232010,13683,0.689004
233,233009,22021,1.108862
234,234015,34696,1.747109
235,235011,46587,2.345878
236,236015,53485,2.693225
237,237011,52412,2.639194
238,238008,44106,2.220948
239,239012,31479,1.585118
240,240008,19460,0.979904
241,241008,12675,0.638247
242,242014,13571,0.683365
243,243012,21909,1.103223
244,244008,34744,1.749526
245,245012,46747,2.353934
246,246008,53533,2.695642
247,247012,52492,2.643222
248,248009,44202,2.225782
249,249008,31591,1.590758
250,250013,19556,0.984738
251,251009,12739,0.641469
252,252013,13747,0.692227
253,253009,22053,1.110474
254,254013,34680,1.746303
255,255010,46555,2.344266
256,256014,53437,2.690808
257,257013,52428,2.640000
258,258009,44058,2.218530
259,259013,31399,1.581090
260,260010,19444,0.979098
261,261014,12563,0.632607
262,262010,13747,0.692227
263,263014,22021,1.108862
264,264010,34728,1.748720
265,265011,46603,2.346684
266,266009,53405,2.689196
267,267013,52492,2.643222
268,268009,44154,2.223364
269,269013,31527,1.587535
270,270010,19572,0.985544
271,271014,12771,0.643081
272,272010,13779,0.693838
273,273011,22101,1.112891
274,274009,34648,1.744692
275,275013,46619,2.347489
276,276009,53533,2.695642
277,277013,52476,2.642417
278,278010,44122,2.221753
279,279014,31511,1.586729
280,280010,19572,0.985544
281,281012,12739,0.641469
282,282011,13731,0.691421
283,283008,21989,1.107251
284,284012,34664,1.745498
285,285008,46555,2.344266
286,286012,53357,2.686780
287,287008,52460,2.641611
288,288012,44074,2.219336
289,289013,31383,1.580284
290,290012,19412,0.977487
291,291009,12611,0.635024
292,292013,13651,0.687393
293,293009,21861,1.100806
294,294013,34568,1.740664
295,295010,46699,2.351518
296,296014,53533,2.695642
297,297008,52524,2.644834
298,298012,44122,2.221753
299,299009,31559,1.589146
300,300013,19556,0.984738
301,301009,12739,0.641469
302,302013,13747,0.692227
303,303009,22085,1.112085
304,304013,34728,1.748720
305,305015,46667,2.349906
306,306014,53405,2.689196
307,307010,52444,2.640806
308,308014,44074,2.219336
309,309011,31495,1.585924
310,310015,19540,0.983932
311,311011,12755,0.642275
312,312015,13683,0.689004
313,313009,22021,1.108862
314,314013,34696,1.747109
315,315010,46507,2.341849
316,316014,53421,2.690002
317,317010,52460,2.641611
318,318014,44090,2.220142
319,319011,31479,1.585118
320,320015,19508,0.982321
321,321009,12707,0.639858
322,322013,13603,0.684976
323,323010,22037,1.109668
324,324014,34600,1.742275
325,325010,46731,2.353129
326,326014,53341,2.685974
327,327010,52364,2.636777
328,328014,44042,2.217725
329,329008,31351,1.578672
330,330014,19428,0.978292
331,331011,12787,0.643886
332,332015,13763,0.693033
333,333011,22101,1.112891
334,334015,34840,1.754360
335,335011,46587,2.345878
336,336008,53565,2.697253
337,337014,52556,2.646445
338,338013,44186,2.224976
339,339011,31591,1.590758
340,340015,19572,0.985544
341,341011,12739,0.641469
342,342015,13715,0.690616
343,343011,22085,1.112085
344,344008,34616,1.743081
345,345010,46555,2.344266
346,346015,53405,2.689196
347,347011,52444,2.640806
348,348008,44138,2.222559
349,349012,31447,1.583506
350,350008,19412,0.977487
351,351012,12691,0.639052
352,352009,13491,0.679336
353,353011,21925,1.104028
354,354009,34504,1.737441
355,355013,46539,2.343460
356,356010,53357,2.686780
357,357014,52604,2.648862
358,358010,44202,2.225782
359,359014,31527,1.587535
360,360010,19604,0.987155
361,361014,12739,0.641469
362,362014,13747,0.692227
363,363010,22117,1.113696
364,364014,34824,1.753555
365,365010,46619,2.347489
366,366014,53501,2.694030
367,367011,52476,2.642417
368,368015,44138,2.222559
369,369011,31511,1.586729
370,370008,19524,0.983127
371,371012,12755,0.642275
372,372009,13651,0.687393
373,373013,22053,1.110474
374,374009,34600,1.742275
375,375013,46747,2.353934
376,376009,53453,2.691614
377,377013,52524,2.644834
378,378011,44122,2.221753
379,379015,31463,1.584312
380,380011,19636,0.988766
381,381015,12691,0.639052
382,382011,13731,0.691421
383,383008,22037,1.109668
384,384012,34696,1.747109
385,385009,46603,2.346684
386,386008,53357,2.686780
387,387012,52476,2.642417
388,388008,44186,2.224976
389,389012,31463,1.584312
390,390009,19460,0.979904
391,391013,12675,0.638247
392,392009,13731,0.691421
393,393014,22149,1.115308
394,394012,34728,1.748720
395,395009,46699,2.351518
396,396012,53581,2.698059
397,397009,52588,2.648057
398,398013,44186,2.224976
399,399009,31559,1.589146
400,400013,19572,0.985544
401,401010,12739,0.641469
402,402015,13699,0.689810
403,403011,22101,1.112891
404,404008,34664,1.745498
405,405012,46635,2.348295
406,406008,53437,2.690808
407,407012,52524,2.644834
408,408009,44170,2.224170
409,409015,31447,1.583506
410,410012,19540,0.983932
411,411008,12755,0.642275
412,412012,13715,0.690616
413,413009,22021,1.108862
414,414013,34728,1.748720
415,415009,46651,2.349100
416,416013,53453,2.691614
417,417011,52476,2.642417
418,418009,44138,2.222559
419,419013,31527,1.587535
420,420009,19588,0.986349
421,421013,12755,0.642275
422,422009,13715,0.690616
423,423013,22053,1.110474
424,424010,34648,1.744692
425,425009,46619,2.347489
426,426013,53469,2.692419
427,427009,52508,2.644028
428,428013,44138,2.222559
429,429010,31559,1.589146
430,430014,19508,0.982321
431,431010,12803,0.644692
432,432014,13763,0.693033
433,433013,22053,1.110474
434,434010,34632,1.743886
435,435014,46651,2.349100
436,436010,53357,2.686780
437,437014,52380,2.637583
438,438011,43994,2.215308
439,439015,31383,1.580284
440,440011,19348,0.974264
441,441010,12771,0.643081
442,442015,13747,0.692227
443,443011,22037,1.109668
444,444008,34696,1.747109
445,445012,46667,2.349906
446,446008,53517,2.694836
447,447012,52572,2.647251
448,448009,44234,2.227393
449,449008,31607,1.591563
450,450014,19540,0.983932
451,451010,12771,0.643081
452,452014,13747,0.692227
453,453011,22069,1.111280
454,454015,34696,1.747109
455,455011,46651,2.349100
456,456015,53437,2.690808
457,457013,52444,2.640806
458,458012,44138,2.222559
459,459010,31543,1.588340
460,460014,19524,0.983127
461,461010,12755,0.642275
462,462014,13763,0.693033
463,463010,22069,1.111280
464,464014,34696,1.747109
465,465013,46619,2.347489
466,466010,53421,2.690002
467,467014,52412,2.639194
468,468010,44138,2.222559
469,469014,31463,1.584312
470,470011,19524,0.983127
471,471015,12723,0.640664
472,472011,13651,0.687393
473,473013,22085,1.112085
474,474010,34552,1.739858
475,475014,46651,2.349100
476,476011,53421,2.690002
477,477015,52444,2.640806
478,478011,44090,2.220142
479,479015,31463,1.584312
480,480011,19540,0.983932
481,481012,12707,0.639858
482,482009,13859,0.697867
483,483013,22101,1.112891
484,484009,34632,1.743886
485,485013,46603,2.346684
486,486010,53389,2.688391
487,487014,52428,2.640000
488,488010,44090,2.220142
489,489011,31559,1.589146
490,490009,19604,0.987155
491,491013,12755,0.642275
492,492010,13715,0.690616
493,493014,22117,1.113696
494,494010,34680,1.746303
495,495014,46827,2.357963
496,496010,53581,2.698059
497,497011,52588,2.648057
498,498009,44250,2.228198
499,499013,31511,1.586729
500,500009,19572,0.985544
501,501013,12771,0.643081
502,502010,13715,0.690616
503,503014,22101,1.112891
504,504010,34648,1.744692
505,505011,46667,2.349906
506,506008,53389,2.688391
507,507012,52460,2.641611
508,508008,44122,2.221753
509,509012,31431,1.582701
510,510009,19524,0.983127
511,511013,12755,0.642275
512,512009,13683,0.689004
513,513010,22069,1.111280
514,514008,34600,1.742275
515,515012,46571,2.345072
516,516008,53421,2.690002
517,517012,52476,2.642417
518,518009,44122,2.221753
519,519013,31511,1.586729
520,520009,19524,0.983127
521,521011,12739,0.641469
522,522015,13699,0.689810
523,523011,21989,1.107251
524,524008,34744,1.749526
525,525012,46731,2.353129
526,526008,53565,2.697253
527,527012,52492,2.643222
528,528009,44202,2.225782
529,529010,31591,1.590758
530,530014,19508,0.982321
531,531010,12771,0.643081
532,532014,13731,0.691421
533,533011,22021,1.108862
534,534015,34696,1.747109
535,535011,46683,2.350712
536,536015,53453,2.691614
537,537009,52476,2.642417
538,538013,43994,2.215308
539,539010,31511,1.586729
540,540014,19588,0.986349
541,541010,12707,0.639858
542,542014,13667,0.688199
543,543010,22037,1.109668
544,544014,34712,1.747915
545,545009,46475,2.340238
546,546013,53309,2.684362
547,547009,52556,2.646445
548,548013,44282,2.229810
549,549010,31607,1.591563
550,550014,19556,0.984738
551,551010,12771,0.643081
552,552014,13715,0.690616
553,553009,21973,1.106445
554,554015,34536,1.739052
555,555013,46731,2.353129
556,556010,53485,2.693225
557,557014,52364,2.636777
558,558010,44186,2.224976
559,559014,31575,1.589952
560,560010,19636,0.988766
561,561013,12675,0.638247
562,562010,13731,0.691421
563,563014,21893,1.102417
564,564010,34472,1.735830
565,565014,46539,2.343460
566,566010,53325,2.685168
567,567014,52364,2.636777
568,568011,44138,2.222559
569,569013,31399,1.581090
570,570011,19492,0.981515
571,571015,12627,0.635830
572,572011,13539,0.681753
573,573015,21909,1.103223
574,574011,34504,1.737441
575,575008,46715,2.352323
576,576012,53629,2.700476
577,577015,52524,2.644834
578,578015,43962,2.213696
579,579011,31591,1.590758
580,580015,19572,0.985544
581,581011,12771,0.643081
582,582008,13683,0.689004
583,583012,22117,1.113696
584,584008,34616,1.743081
585,585013,46651,2.349100
586,586010,53485,2.693225
587,587014,52540,2.645640
588,588010,44170,2.224170
589,589014,31495,1.585924
590,590011,19540,0.983932
591,591015,12771,0.643081
592,592011,13747,0.692227
593,593014,22101,1.112891
594,594014,34680,1.746303
595,595010,46635,2.348295
596,596014,53453,2.691614
597,597010,52492,2.643222
598,598014,44058,2.218530
599,599011,31527,1.587535
600,600015,19524,0.983127
601,601012,12723,0.640664
602,602008,13683,0.689004
603,603012,22117,1.113696
604,604009,34600,1.742275
605,605013,46651,2.349100
606,606009,53357,2.686780
607,607013,52396,2.638389
608,608009,44074,2.219336
609,609014,31415,1.581895
610,610013,19444,0.979098
611,611009,12483,0.628579
612,612013,13763,0.693033
613,613009,22181,1.116919
614,614013,34776,1.751138
615,615010,46699,2.351518
616,616014,53533,2.695642
617,617011,52508,2.644028
618,618015,44122,2.221753
619,619011,31543,1.588340
620,620008,19604,0.987155
621,621012,12819,0.645498
622,622008,13683,0.689004
623,623012,22261,1.120948
624,624008,34600,1.742275
625,625012,46603,2.346684
626,626009,53341,2.685974
627,627013,52460,2.641611
628,628009,44186,2.224976
629,629013,31559,1.589146
630,630010,19572,0.985544
631,631014,12771,0.643081
632,632010,13715,0.690616
633,633015,22133,1.114502
634,634013,34808,1.752749
635,635009,46731,2.353129
636,636013,53565,2.697253
637,637010,52572,2.647251
638,638014,44154,2.223364
639,639010,31607,1.591563
640,640014,19588,0.986349
641,641012,12771,0.643081
642,642010,13715,0.690616
643,643014,22149,1.115308
644,644010,34696,1.747109
645,645014,46619,2.347489
646,646010,53469,2.692419
647,647014,52508,2.644028
648,648011,44202,2.225782
649,649010,31511,1.586729
650,650008,19540,0.983932
651,651012,12771,0.643081
652,652008,13699,0.689810
653,653012,22053,1.110474
654,654008,34616,1.743081
655,655012,46603,2.346684
656,656009,53389,2.688391
657,657014,52460,2.641611
658,658011,44090,2.220142
659,659015,31495,1.585924
660,660011,19540,0.983932
661,661008,12739,0.641469
662,662012,13699,0.689810
663,663008,21973,1.106445
664,664012,34696,1.747109
665,665011,46587,2.345878
666,666014,53389,2.688391
667,667011,52444,2.640806
668,668015,44026,2.216919
669,669011,31527,1.587535
670,670015,19492,0.981515
671,671011,12723,0.640664
672,672008,13667,0.688199
673,673015,22037,1.109668
674,674012,34616,1.743081
675,675008,46507,2.341849
676,676012,53373,2.687585
677,677009,52588,2.648057
678,678013,44202,2.225782
679,679009,31655,1.593980
680,680013,19572,0.985544
681,681012,12771,0.643081
682,682009,13667,0.688199
683,683013,22149,1.115308
684,684009,34664,1.745498
685,685013,46619,2.347489
686,686010,53405,2.689196
687,687014,52652,2.651280
688,688010,44106,2.220948
689,689009,31527,1.587535
690,690014,19476,0.980709
691,691011,12579,0.633413
692,692015,13555,0.682559
693,693011,21909,1.103223
694,694015,34696,1.747109
695,695011,46747,2.353934
696,696008,53517,2.694836
697,697015,52620,2.649668
698,698012,44106,2.220948
699,699009,31399,1.581090
700,700013,19476,0.980709
701,701009,12691,0.639052
702,702013,13667,0.688199
703,703009,22165,1.116114
704,704013,34744,1.749526
705,705013,46699,2.351518
706,706012,53293,2.683557
707,707008,52588,2.648057
708,708012,44202,2.225782
709,709008,31639,1.593175
710,710012,19556,0.984738
711,711009,12787,0.643886
712,712013,13763,0.693033
713,713013,22133,1.114502
714,714011,34632,1.743886
715,715015,46667,2.349906
716,716011,53453,2.691614
717,717015,52396,2.638389
718,718011,44058,2.218530
719,719008,31527,1.587535
720,720012,19428,0.978292
721,721012,12563,0.632607
722,722009,13699,0.689810
723,723013,22117,1.113696
724,724009,34616,1.743081
725,725013,46619,2.347489
726,726010,53421,2.690002
727,727014,52460,2.641611
728,728010,44122,2.221753
729,729011,31495,1.585924
730,730010,19524,0.983127
731,731015,12723,0.640664
732,732012,13683,0.689004
733,733008,21989,1.107251
734,734012,34600,1.742275
735,735009,46603,2.346684
736,736013,53357,2.686780
737,737014,52508,2.644028
738,738012,43978,2.214502
739,739008,31447,1.583506
740,740012,19444,0.979098
741,741009,12707,0.639858
742,742013,13491,0.679336
743,743009,22053,1.110474
744,744013,34792,1.751943
745,745015,46763,2.354740
746,746012,53453,2.691614
747,747008,52476,2.642417
748,748012,44170,2.224170
749,749009,31511,1.586729
750,750013,19540,0.983932
751,751009,12803,0.644692
752,752013,13699,0.689810
753,753014,22069,1.111280
754,754012,34648,1.744692
755,755009,46603,2.346684
756,756013,53421,2.690002
757,757009,52524,2.644834
758,758013,44074,2.219336
759,759010,31559,1.589146
760,760014,19492,0.981515
761,761009,12723,0.640664
762,762014,13619,0.685782
763,763011,21973,1.106445
764,764015,34632,1.743886
765,765011,46587,2.345878
766,766008,53244,2.681089
767,767012,52380,2.637583
768,768008,44090,2.220142
769,769011,31351,1.578672
770,770008,19652,0.989572
771,771012,12771,0.643081
772,772009,13715,0.690616
773,773013,22069,1.111280
774,774009,34632,1.743886
775,775013,46651,2.349100
776,776009,53373,2.687585
777,777011,52508,2.644028
778,778008,44154,2.223364
779,779012,31607,1.591563
780,780009,19620,0.987961
781,781013,12707,0.639858
782,782009,13747,0.692227
783,783013,22085,1.112085
784,784009,34584,1.741469
785,785012,46619,2.347489
786,786010,53405,2.689196
787,787014,52460,2.641611
788,788010,44074,2.219336
789,789014,31383,1.580284
790,790010,19508,0.982321
791,791014,12691,0.639052
792,792011,13603,0.684976
793,793014,22053,1.110474
794,794012,34504,1.737441
795,795008,46635,2.348295
796,796012,53485,2.693225
797,797008,52492,2.643222
798,798012,44090,2.220142
799,799009,31511,1.586729
800,800013,19556,0.984738
801,801008,12739,0.641469
802,802013,13699,0.689810
803,803009,22021,1.108862
804,804013,34680,1.746303
805,805009,46683,2.350712
806,806013,53341,2.685974
807,807010,52380,2.637583
808,808014,44090,2.220142
809,809010,31479,1.585118
810,810015,19508,0.982321
811,811011,12755,0.642275
812,812015,13715,0.690616
813,813011,22053,1.110474
814,814008,34632,1.743886
815,815012,46651,2.349100
816,816008,53437,2.690808
817,817012,52492,2.643222
818,818011,44106,2.220948
819,819009,31527,1.587535
820,820015,19492,0.981515
821,821011,12659,0.637441
822,822008,13651,0.687393
823,823012,21893,1.102417
824,824008,34728,1.748720
825,825012,46763,2.354740
826,826010,53565,2.697253
827,827014,52412,2.639194
828,828010,44026,2.216919
829,829014,31303,1.576255
830,830011,19396,0.976681
831,831015,12691,0.639052
832,832011,13715,0.690616
833,833015,22005,1.108057
834,834013,34536,1.739052
835,835009,46763,2.354740
836,836013,53549,2.696448
837,837010,52620,2.649668
838,838014,44202,2.225782
839,839010,31623,1.592369
840,840014,19620,0.987961
841,841010,12787,0.643886
842,842008,13747,0.692227
843,843012,22117,1.113696
844,844008,34744,1.749526
845,845012,46667,2.349906
846,846009,53405,2.689196
847,847013,52492,2.643222
848,848009,44154,2.223364
849,849013,31479,1.585118
850,850011,19572,0.985544
851,851015,12755,0.642275
852,852011,13699,0.689810
853,853015,22085,1.112085
854,854011,34632,1.743886
855,855008,46571,2.345072
856,856012,53421,2.690002
857,857009,52444,2.640806
858,858009,44074,2.219336
859,859013,31447,1.583506
860,860010,19412,0.977487
861,861014,12771,0.643081
862,862010,13731,0.691421
863,863014,22117,1.113696
864,864010,34712,1.747915
865,865008,46619,2.347489
866,866015,53549,2.696448
867,867011,52588,2.648057
868,868015,44106,2.220948
869,869011,31527,1.587535
870,870008,19572,0.985544
871,871012,12787,0.643886
872,872008,13667,0.688199
873,873013,22053,1.110474
874,874010,34616,1.743081
875,875014,46667,2.349906
876,876010,53437,2.690808
877,877014,52380,2.637583
878,878011,43994,2.215308
879,879015,31383,1.580284
880,880011,19540,0.983932
881,881010,12755,0.642275
882,882014,13763,0.693033
883,883011,22085,1.112085
884,884015,34728,1.748720
885,885011,46683,2.350712
886,886008,53469,2.692419
887,887012,52540,2.645640
888,888008,44170,2.224170
889,889014,31479,1.585118
890,890012,19556,0.984738
891,891008,12787,0.643886
892,892012,13747,0.692227
893,893008,22021,1.108862
894,894012,34648,1.744692
895,895009,46587,2.345878
896,896013,53421,2.690002
897,897011,52428,2.640000
898,898009,44106,2.220948
899,899013,31447,1.583506
900,900009,19476,0.980709
901,901013,12691,0.639052
902,902010,13523,0.680948
903,903014,21861,1.100806
904,904010,34536,1.739052
905,905009,46603,2.346684
906,906013,53389,2.688391
907,907009,52396,2.638389
908,908013,44058,2.218530
909,909010,31383,1.580284
910,910014,19364,0.975070
911,911010,12787,0.643886
912,912014,13795,0.694644
913,913013,22053,1.110474
914,914010,34664,1.745498
915,915014,46715,2.352323
916,916010,53485,2.693225
917,917014,52508,2.644028
918,918011,44202,2.225782
919,919015,31527,1.587535
920,920011,19604,0.987155
921,921010,12787,0.643886
922,922014,13731,0.691421
923,923011,22101,1.112891
924,924015,34728,1.748720
925,925011,46619,2.347489
926,926008,53437,2.690808
927,927012,52460,2.641611
928,928008,44106,2.220948
929,929008,31607,1.591563
930,930012,19524,0.983127
931,931009,12723,0.640664
932,932013,13715,0.690616
933,933009,22021,1.108862
934,934013,34696,1.747109
935,935009,46635,2.348295
936,936013,53389,2.688391
937,937015,52412,2.639194
938,938013,43962,2.213696
939,939010,31399,1.581090
940,940014,19540,0.983932
941,941010,12771,0.643081
942,942014,13683,0.689004
943,943010,22101,1.112891
944,944014,34792,1.751943
945,945015,46779,2.355546
946,946012,53549,2.696448
947,947009,52604,2.648862
948,948013,43978,2.214502
949,949009,31543,1.588340
950,950013,19380,0.975875
951,951009,12531,0.630996
952,952013,13763,0.693033
953,953014,22117,1.113696
954,954012,34696,1.747109
955,955008,46603,2.346684
956,956012,53453,2.691614
957,957009,52460,2.641611
958,958013,44058,2.218530
959,959009,31559,1.589146
960,960013,19556,0.984738
961,961014,12723,0.640664
962,962012,13731,0.691421
963,963009,22101,1.112891
964,964013,34648,1.744692
965,965009,46587,2.345878
966,966013,53469,2.692419
967,967010,52492,2.643222
968,968014,44058,2.218530
969,969014,31463,1.584312
970,970014,19476,0.980709
971,971011,12739,0.641469
972,972015,13667,0.688199
973,973011,21973,1.106445
974,974008,34552,1.739858
975,975012,46619,2.347489
976,976008,53389,2.688391
977,977009,52396,2.638389
978,978015,44042,2.217725
979,979011,31415,1.581895
980,980015,19412,0.977487
981,981012,12723,0.640664
982,982008,13715,0.690616
983,983012,22069,1.111280
984,984008,34632,1.743886
985,985010,46523,2.342655
986,986015,53565,2.697253
987,987011,52572,2.647251
988,988015,44090,2.220142
989,989012,31559,1.589146
990,990008,19620,0.987961
991,991012,12771,0.643081
992,992008,13731,0.691421
993,993010,22085,1.112085
994,994015,34760,1.750332
995,995012,46619,2.347489
996,996008,53341,2.685974
997,997012,52508,2.644028
998,998008,44154,2.223364
999,999012,31543,1.588340
1000,1000009,19604,0.987155
1001,1001012,12755,0.642275
1002,1002008,13523,0.680948
1003,1003012,22037,1.109668
1004,1004009,34616,1.743081
1005,1005013,46555,2.344266
1006,1006009,53389,2.688391
1007,1007013,52428,2.640000
1008,1008009,44138,2.222559
1009,1009011,31495,1.585924
1010,1010009,19540,0.983932
1011,1011013,12723,0.640664
1012,1012009,13699,0.689810
1013,1013013,22053,1.110474
1014,1014010,34616,1.743081
1015,1015014,46619,2.347489
1016,1016010,53437,2.690808
1017,1017014,52444,2.640806
1018,1018012,44074,2.219336
1019,1019009,31527,1.587535
1020,1020013,19508,0.982321
1021,1021010,12739,0.641469
1022,1022014,13715,0.690616
1023,1023010,22037,1.109668
1024,1024014,34696,1.747109
1025,1025008,46539,2.343460
1026,1026013,53373,2.687585
1027,1027010,52492,2.643222
1028,1028014,44074,2.219336
1029,1029010,31511,1.586729
1030,1030014,19444,0.979098
1031,1031010,12707,0.639858
1032,1032014,13747,0.692227
1033,1033009,22005,1.108057
1034,1034013,34648,1.744692
1035,1035009,46603,2.346684
1036,1036013,53389,2.688391
1037,1037010,52444,2.640806
1038,1038014,44010,2.216114
1039,1039010,31671,1.594786
1040,1040014,19444,0.979098
1041,1041009,12531,0.630996
1042,1042014,13507,0.680142
1043,1043010,22021,1.108862
1044,1044014,34744,1.749526
1045,1045010,46571,2.345072
1046,1046014,53437,2.690808
1047,1047011,52556,2.646445
1048,1048015,44058,2.218530
1049,1049011,31559,1.589146
1050,1050008,19588,0.986349
1051,1051012,12755,0.642275
1052,1052009,13699,0.689810
1053,1053013,22053,1.110474
1054,1054009,34600,1.742275
1055,1055013,46603,2.346684
1056,1056009,53453,2.691614
1057,1057015,52412,2.639194
1058,1058011,44106,2.220948
1059,1059015,31447,1.583506
1060,1060011,19524,0.983127
1061,1061008,12739,0.641469
1062,1062012,13715,0.690616
1063,1063008,22037,1.109668
1064,1064012,34632,1.743886
1065,1065009,46587,2.345878
1066,1066015,53437,2.690808
1067,1067013,52460,2.641611
1068,1068009,44138,2.222559
1069,1069013,31303,1.576255
1070,1070010,19604,0.987155
1071,1071014,12723,0.640664
1072,1072010,13731,0.691421
1073,1073015,22117,1.113696
1074,1074013,34728,1.748720
1075,1075010,46619,2.347489
1076,1076014,53469,2.692419
1077,1077010,52460,2.641611
1078,1078014,44138,2.222559
1079,1079010,31623,1.592369
1080,1080014,19556,0.984738
1081,1081012,12723,0.640664
1082,1082009,13699,0.689810
1083,1083012,22149,1.115308
1084,1084009,34648,1.744692
1085,1085013,46651,2.349100
1086,1086009,53357,2.686780
1087,1087013,52508,2.644028
1088,1088009,44202,2.225782
1089,1089015,31463,1.584312
1090,1090013,19540,0.983932
1091,1091009,12771,0.643081
1092,1092013,13699,0.689810
1093,1093010,22037,1.109668
1094,1094014,34696,1.747109
1095,1095010,46603,2.346684
1096,1096014,53373,2.687585
1097,1097012,52748,2.656113
1098,1098010,44090,2.220142
1099,1099013,31463,1.584312
1100,1100010,19540,0.983932
1101,1101014,12723,0.640664
1102,1102010,13667,0.688199
1103,1103014,22085,1.112085
1104,1104011,34552,1.739858
1105,1105009,46491,2.341044
1106,1106014,53517,2.694836
1107,1107011,52492,2.643222
1108,1108015,44106,2.220948
1109,1109011,31575,1.589952
1110,1110015,19348,0.974264
1111,1111011,12579,0.633413
1112,1112008,13555,0.682559
1113,1113013,22085,1.112085
1114,1114010,34536,1.739052
1115,1115014,46731,2.353129
1116,1116011,53325,2.685168
1117,1117015,52300,2.633554
1118,1118011,44250,2.228198
1119,1119015,31527,1.587535
1120,1120011,19540,0.983932
1121,1121010,12579,0.633413
1122,1122008,13699,0.689810
1123,1123012,22117,1.113696
1124,1124008,34664,1.745498
1125,1125012,46731,2.353129
1126,1126009,53325,2.685168
1127,1127013,52668,2.652085
1128,1128009,44218,2.226587
1129,1129015,31495,1.585924
1130,1130013,19540,0.983932
1131,1131009,12787,0.643886
1132,1132013,13683,0.689004
1133,1133010,22021,1.108862
1134,1134014,34712,1.747915
1135,1135010,46635,2.348295
1136,1136014,53421,2.690002
1137,1137013,52444,2.640806
1138,1138010,43978,2.214502
1139,1139014,31351,1.578672
1140,1140011,19620,0.987961
1141,1141015,12723,0.640664
1142,1142011,13763,0.693033
1143,1143008,22069,1.111280
1144,1144012,34712,1.747915
1145,1145011,46427,2.337821
1146,1146009,53293,2.683557
1147,1147013,52364,2.636777
1148,1148009,44026,2.216919
1149,1149013,31431,1.582701
1150,1150009,19444,0.979098
1151,1151013,12547,0.631801
1152,1152010,13491,0.679336
1153,1153011,21925,1.104028
1154,1154008,34728,1.748720
1155,1155012,46811,2.357157
1156,1156009,53549,2.696448
1157,1157013,52572,2.647251
1158,1158009,44234,2.227393
1159,1159013,31639,1.593175
1160,1160009,19572,0.985544
1161,1161010,12739,0.641469
1162,1162008,13683,0.689004
1163,1163012,22053,1.110474
1164,1164008,34616,1.743081
1165,1165012,46603,2.346684
1166,1166008,53405,2.689196
1167,1167012,52492,2.643222
1168,1168009,44122,2.221753
1169,1169008,31495,1.585924
1170,1170013,19524,0.983127
1171,1171009,12803,0.644692
1172,1172013,13731,0.691421
1173,1173010,22037,1.109668
1174,1174014,34648,1.744692
1175,1175010,46619,2.347489
1176,1176014,53437,2.690808
1177,1177014,52428,2.640000
1178,1178009,44138,2.222559
1179,1179013,31527,1.587535
1180,1180009,19524,0.983127
1181,1181013,12707,0.639858
1182,1182010,13699,0.689810
1183,1183014,22053,1.110474
1184,1184010,34584,1.741469
1185,1185011,46635,2.348295
1186,1186010,53405,2.689196
1187,1187014,52428,2.640000
1188,1188010,44026,2.216919
1189,1189014,31479,1.585118
1190,1190011,19508,0.982321
1191,1191015,12723,0.640664
1192,1192011,13539,0.681753
1193,1193013,21909,1.103223
1194,1194012,34568,1.740664
1195,1195009,46779,2.355546
1196,1196013,53581,2.698059
1197,1197010,52556,2.646445
1198,1198014,44202,2.225782
1199,1199010,31655,1.593980
1200,1200014,19588,0.986349
1201,1201009,12531,0.630996
1202,1202013,13603,0.684976
1203,1203009,22117,1.113696
1204,1204013,34776,1.751138
1205,1205010,46619,2.347489
1206,1206014,53389,2.688391
1207,1207010,52444,2.640806
1208,1208014,44074,2.219336
1209,1209015,31351,1.578672
1210,1210014,19508,0.982321
1211,1211011,12547,0.631801
1212,1212015,13699,0.689810
1213,1213012,22117,1.113696
1214,1214008,34744,1.749526
1215,1215012,46747,2.353934
1216,1216008,53517,2.694836
1217,1217011,52524,2.644834
1218,1218010,44170,2.224170
1219,1219014,31527,1.587535
1220,1220011,19668,0.990378
1221,1221015,12803,0.644692
1222,1222011,13747,0.692227
1223,1223015,22149,1.115308
1224,1224011,34696,1.747109
1225,1225013,46635,2.348295
1226,1226010,53389,2.688391
1227,1227014,52460,2.641611
1228,1228010,44058,2.218530
1229,1229014,31447,1.583506
1230,1230010,19636,0.988766
1231,1231014,12691,0.639052
1232,1232011,13507,0.680142
1233,1233013,21973,1.106445
1234,1234011,34664,1.745498
1235,1235015,46635,2.348295
1236,1236012,53437,2.690808
1237,1237008,52748,2.656113
1238,1238012,43978,2.214502
1239,1239008,31431,1.582701
1240,1240012,19396,0.976681
1241,1241014,12675,0.638247
1242,1242013,13779,0.693838
1243,1243009,22053,1.110474
1244,1244013,34600,1.742275
1245,1245009,46603,2.346684
1246,1246013,53533,2.695642
1247,1247010,52492,2.643222
1248,1248014,44106,2.220948
1249,1249009,31527,1.587535
1250,1250014,19492,0.981515
1251,1251010,12787,0.643886
1252,1252014,13699,0.689810
1253,1253011,21941,1.104834
1254,1254015,34712,1.747915
1255,1255011,46635,2.348295
1256,1256015,53357,2.686780
1257,1257011,52412,2.639194
1258,1258008,44106,2.220948
1259,1259012,31463,1.584312
1260,1260008,19492,0.981515
1261,1261012,12707,0.639858
1262,1262009,13651,0.687393
1263,1263013,22085,1.112085
1264,1264009,34488,1.736635
1265,1265012,46571,2.345072
1266,1266009,53389,2.688391
1267,1267013,52380,2.637583
1268,1268009,44122,2.221753
1269,1269013,31415,1.581895
1270,1270010,19540,0.983932
1271,1271014,12771,0.643081
1272,1272010,13699,0.689810
1273,1273014,22037,1.109668
1274,1274011,34664,1.745498
1275,1275015,46683,2.350712
1276,1276011,53405,2.689196
1277,1277008,52460,2.641611
1278,1278012,44090,2.220142
1279,1279008,31575,1.589952
1280,1280012,19508,0.982321
1281,1281008,12851,0.647109
1282,1282014,13683,0.689004
1283,1283011,22165,1.116114
1284,1284015,34680,1.746303
1285,1285011,46587,2.345878
1286,1286008,53293,2.683557
1287,1287012,52348,2.635972
1288,1288008,44282,2.229810
1289,1289012,31367,1.579478
1290,1290010,19652,0.989572
1291,1291014,12563,0.632607
1292,1292011,13731,0.691421
1293,1293015,22117,1.113696
1294,1294011,34760,1.750332
1295,1295015,46667,2.349906
1296,1296011,53373,2.687585
1297,1297008,52508,2.644028
1298,1298013,44074,2.219336
1299,1299009,31575,1.589952
1300,1300013,19540,0.983932
1301,1301010,12771,0.643081
1302,1302014,13747,0.692227
1303,1303010,22085,1.112085
1304,1304014,34664,1.745498
1305,1305012,46603,2.346684
1306,1306008,53357,2.686780
1307,1307012,52476,2.642417
1308,1308009,44106,2.220948
1309,1309013,31447,1.583506
1310,1310009,19540,0.983932
1311,1311013,12739,0.641469
1312,1312009,13683,0.689004
1313,1313014,22085,1.112085
1314,1314011,34568,1.740664
1315,1315008,46667,2.349906
1316,1316012,53309,2.684362
1317,1317008,52604,2.648862
1318,1318012,44250,2.228198
1319,1319009,31623,1.592369
1320,1320013,19508,0.982321
1321,1321010,12771,0.643081
1322,1322008,13683,0.689004
1323,1323012,22101,1.112891
1324,1324008,34696,1.747109
1325,1325012,46651,2.349100
1326,1326009,53421,2.690002
1327,1327013,52476,2.642417
1328,1328009,44154,2.223364
1329,1329014,31447,1.583506
1330,1330012,19508,0.982321
1331,1331008,12739,0.641469
1332,1332012,13651,0.687393
1333,1333009,21973,1.106445
1334,1334013,34504,1.737441
1335,1335009,46699,2.351518
1336,1336013,53533,2.695642
1337,1337011,52540,2.645640
1338,1338010,44202,2.225782
1339,1339014,31527,1.587535
1340,1340010,19540,0.983932
1341,1341014,12787,0.643886
1342,1342011,13763,0.693033
1343,1343015,21861,1.100806
1344,1344011,34760,1.750332
1345,1345010,46603,2.346684
1346,1346008,53389,2.688391
1347,1347012,52508,2.644028
1348,1348008,44170,2.224170
1349,1349012,31495,1.585924
1350,1350008,19604,0.987155
1351,1351012,12771,0.643081
1352,1352009,13731,0.691421
1353,1353008,22069,1.111280
1354,1354012,34552,1.739858
1355,1355009,46635,2.348295
1356,1356013,53341,2.685974
1357,1357009,52444,2.640806
1358,1358013,44138,2.222559
1359,1359010,31527,1.587535
1360,1360014,19540,0.983932
1361,1361012,12739,0.641469
1362,1362009,13651,0.687393
1363,1363013,22117,1.113696
1364,1364009,34632,1.743886
1365,1365013,46603,2.346684
1366,1366009,53437,2.690808
1367,1367013,52444,2.640806
1368,1368010,44138,2.222559
1369,1369009,31543,1.588340
1370,1370014,19524,0.983127
1371,1371010,12771,0.643081
1372,1372014,13683,0.689004
1373,1373011,22021,1.108862
1374,1374015,34648,1.744692
1375,1375011,46587,2.345878
1376,1376015,53421,2.690002
1377,1377015,52444,2.640806
1378,1378015,44090,2.220142
1379,1379013,31527,1.587535
1380,1380009,19540,0.983932
1381,1381013,12723,0.640664
1382,1382010,13699,0.689810
1383,1383014,22101,1.112891
1384,1384010,34616,1.743081
1385,1385010,46619,2.347489
1386,1386008,53405,2.689196
1387,1387012,52476,2.642417
1388,1388008,44138,2.222559
1389,1389012,31543,1.588340
1390,1390009,19524,0.983127
1391,1391013,12547,0.631801
1392,1392009,13715,0.690616
1393,1393008,22037,1.109668
1394,1394014,34760,1.750332
1395,1395010,46731,2.353129
1396,1396014,53517,2.694836
1397,1397011,52508,2.644028
1398,1398015,43946,2.212891
1399,1399011,31591,1.590758
1400,1400015,19540,0.983932
1401,1401015,12515,0.630190
1402,1402012,13779,0.693838
1403,1403009,22101,1.112891
1404,1404013,34712,1.747915
1405,1405009,46603,2.346684
1406,1406013,53421,2.690002
1407,1407009,52476,2.642417
1408,1408013,44026,2.216919
1409,1409013,31383,1.580284
1410,1410009,19476,0.980709
1411,1411013,12643,0.636635
1412,1412010,13539,0.681753
1413,1413014,21893,1.102417
1414,1414010,34648,1.744692
1415,1415014,46539,2.343460
1416,1416010,53421,2.690002
1417,1417012,52508,2.644028
1418,1418010,44090,2.220142
1419,1419014,31495,1.585924
1420,1420011,19508,0.982321
1421,1421015,12707,0.639858
1422,1422011,13731,0.691421
1423,1423015,22085,1.112085
1424,1424011,34696,1.747109
1425,1425013,46619,2.347489
1426,1426011,53421,2.690002
1427,1427015,52412,2.639194
1428,1428011,44106,2.220948
1429,1429015,31479,1.585118
1430,1430011,19556,0.984738
1431,1431008,12755,0.642275
1432,1432012,13699,0.689810
1433,1433013,22021,1.108862
1434,1434011,34632,1.743886
1435,1435015,46651,2.349100
1436,1436011,53405,2.689196
1437,1437008,52428,2.640000
1438,1438012,44122,2.221753
1439,1439008,31559,1.589146
1440,1440012,19508,0.982321
1441,1441015,12659,0.637441
1442,1442013,13539,0.681753
1443,1443009,21957,1.105640
1444,1444013,34616,1.743081
1445,1445010,46571,2.345072
1446,1446014,53405,2.689196
1447,1447010,52300,2.633554
1448,1448014,43850,2.208057
1449,1449008,31303,1.576255
1450,1450013,19380,0.975875
1451,1451010,12803,0.644692
1452,1452014,13715,0.690616
1453,1453010,22021,1.108862
1454,1454014,34760,1.750332
1455,1455010,46603,2.346684
1456,1456014,53421,2.690002
1457,1457009,52476,2.642417
1458,1458013,44058,2.218530
1459,1459010,31527,1.587535
1460,1460014,19492,0.981515
1461,1461010,12771,0.643081
1462,1462014,13715,0.690616
1463,1463010,22085,1.112085
1464,1464014,34664,1.745498
1465,1465010,46619,2.347489
1466,1466014,53421,2.690002
1467,1467011,52508,2.644028
1468,1468015,44042,2.217725
1469,1469011,31495,1.585924
1470,1470008,19540,0.983932
1471,1471012,12723,0.640664
1472,1472008,13699,0.689810
1473,1473011,22037,1.109668
1474,1474009,34616,1.743081
1475,1475013,46619,2.347489
1476,1476010,53309,2.684362
1477,1477014,52508,2.644028
1478,1478010,44074,2.219336
1479,1479014,31335,1.577867
1480,1480011,19396,0.976681
1481,1481014,12531,0.630996
1482,1482011,13507,0.680142
1483,1483008,22005,1.108057
1484,1484012,34504,1.737441
1485,1485008,46683,2.350712
1486,1486012,53549,2.696448
1487,1487008,52604,2.648862
1488,1488012,44154,2.223364
1489,1489009,31543,1.588340
1490,1490015,19508,0.982321
1491,1491011,12755,0.642275
1492,1492015,13699,0.689810
1493,1493011,22021,1.108862
1494,1494008,34536,1.739052
1495,1495012,46635,2.348295
1496,1496008,53389,2.688391
1497,1497011,52476,2.642417
1498,1498009,44042,2.217725
1499,1499013,31511,1.586729
1500,1500009,19492,0.981515
1501,1501013,12723,0.640664
1502,1502010,13619,0.685782
1503,1503014,22053,1.110474
1504,1504010,34696,1.747109
1505,1505013,46619,2.347489
1506,1506010,53533,2.695642
1507,1507014,52588,2.648057
1508,1508011,44186,2.224976
1509,1509015,31543,1.588340
1510,1510011,19524,0.983127
1511,1511008,12787,0.643886
1512,1512012,13715,0.690616
1513,1513008,22101,1.112891
1514,1514014,34776,1.751138
1515,1515011,46635,2.348295
1516,1516015,53533,2.695642
1517,1517011,52652,2.651280
1518,1518008,44234,2.227393
1519,1519012,31607,1.591563
1520,1520008,19684,0.991183
1521,1521013,12755,0.642275
1522,1522010,13763,0.693033
1523,1523014,22133,1.114502
1524,1524010,34632,1.743886
1525,1525014,46603,2.346684
1526,1526010,53373,2.687585
1527,1527014,52460,2.641611
1528,1528011,44106,2.220948
1529,1529015,31495,1.585924
1530,1530012,19460,0.979904
1531,1531009,12755,0.642275
1532,1532013,13635,0.686587
1533,1533009,21893,1.102417
1534,1534013,34600,1.742275
1535,1535010,46635,2.348295
1536,1536014,53565,2.697253
1537,1537012,52428,2.640000
1538,1538009,44330,2.232227
1539,1539013,31575,1.589952
1540,1540009,19636,0.988766
1541,1541013,12771,0.643081
1542,1542010,13779,0.693838
1543,1543014,22181,1.116919
1544,1544010,34760,1.750332
1545,1545015,46523,2.342655
1546,1546013,53565,2.697253
1547,1547009,52412,2.639194
1548,1548013,44138,2.222559
1549,1549010,31431,1.582701
1550,1550014,19620,0.987961
1551,1551010,12611,0.635024
1552,1552014,13523,0.680948
1553,1553012,21893,1.102417
1554,1554010,34424,1.733413
1555,1555014,46379,2.335404
1556,1556011,53244,2.681089
1557,1557015,52300,2.633554
1558,1558011,44234,2.227393
1559,1559015,31607,1.591563
1560,1560011,19604,0.987155
1561,1561010,12771,0.643081
1562,1562015,13747,0.692227
1563,1563012,22069,1.111280
1564,1564008,34632,1.743886
1565,1565012,46667,2.349906
1566,1566009,53405,2.689196
1567,1567013,52460,2.641611
1568,1568009,44138,2.222559
1569,1569015,31415,1.581895
1570,1570012,19524,0.983127
1571,1571009,12691,0.639052
1572,1572013,13619,0.685782
1573,1573009,21845,1.100000
1574,1574013,34616,1.743081
1575,1575010,46667,2.349906
1576,1576014,53517,2.694836
1577,1577011,52428,2.640000
1578,1578009,44154,2.223364
1579,1579013,31495,1.585924
1580,1580009,19540,0.983932
1581,1581013,12771,0.643081
1582,1582009,13715,0.690616
1583,1583013,22133,1.114502
1584,1584010,34680,1.746303
1585,1585009,46651,2.349100
1586,1586014,53437,2.690808
1587,1587010,52556,2.646445
1588,1588014,44090,2.220142
1589,1589011,31575,1.589952
1590,1590015,19540,0.983932
1591,1591011,12771,0.643081
1592,1592015,13731,0.691421
1593,1593014,22085,1.112085
1594,1594011,34696,1.747109
1595,1595015,46667,2.349906
1596,1596011,53533,2.695642
1597,1597008,52540,2.645640
1598,1598012,44058,2.218530
1599,1599008,31655,1.593980
1600,1600012,19540,0.983932
1601,1601011,12771,0.643081
1602,1602010,13715,0.690616
1603,1603015,22101,1.112891
1604,1604012,34664,1.745498
1605,1605008,46571,2.345072
1606,1606012,53501,2.694030
1607,1607008,52492,2.643222
1608,1608012,44106,2.220948
1609,1609012,31591,1.590758
1610,1610010,19604,0.987155
1611,1611014,12771,0.643081
1612,1612011,13731,0.691421
1613,1613015,22101,1.112891
1614,1614011,34696,1.747109
1615,1615015,46699,2.351518
1616,1616011,53421,2.690002
1617,1617011,52556,2.646445
1618,1618015,44202,2.225782
1619,1619011,31607,1.591563
1620,1620008,19604,0.987155
1621,1621012,12739,0.641469
1622,1622008,13763,0.693033
1623,1623012,22085,1.112085
1624,1624009,34840,1.754360
1625,1625010,46619,2.347489
1626,1626008,53437,2.690808
1627,1627012,52540,2.645640
1628,1628008,44202,2.225782
1629,1629012,31447,1.583506
1630,1630009,19492,0.981515
1631,1631013,12691,0.639052
1632,1632009,13619,0.685782
1633,1633009,21765,1.095972
1634,1634014,34824,1.753555
1635,1635011,46635,2.348295
1636,1636015,53517,2.694836
1637,1637011,52524,2.644834
1638,1638015,44106,2.220948
1639,1639011,31479,1.585118
1640,1640008,19556,0.984738
1641,1641008,12723,0.640664
1642,1642012,13587,0.684170
1643,1643009,22085,1.112085
1644,1644013,34696,1.747109
1645,1645009,46635,2.348295
1646,1646013,53501,2.694030
1647,1647009,52556,2.646445
1648,1648013,44122,2.221753
1649,1649013,31511,1.586729
1650,1650010,19588,0.986349
1651,1651014,12771,0.643081
1652,1652010,13763,0.693033
1653,1653014,22101,1.112891
1654,1654010,34664,1.745498
1655,1655014,46747,2.353934
1656,1656011,53469,2.692419
1657,1657012,52620,2.649668
1658,1658009,44202,2.225782
1659,1659012,31543,1.588340
1660,1660009,19588,0.986349
1661,1661013,12787,0.643886
1662,1662009,13715,0.690616
1663,1663013,22101,1.112891
1664,1664009,34680,1.746303
1665,1665011,46715,2.352323
1666,1666009,53469,2.692419
1667,1667012,52636,2.650474
1668,1668009,44186,2.224976
1669,1669013,31559,1.589146
1670,1670009,19652,0.989572
1671,1671013,12787,0.643886
1672,1672009,13731,0.691421
1673,1673011,22069,1.111280
1674,1674009,34680,1.746303
1675,1675013,46747,2.353934
1676,1676009,53501,2.694030
1677,1677013,52588,2.648057
1678,1678009,44234,2.227393
1679,1679013,31559,1.589146
1680,1680010,19604,0.987155
1681,1681012,12787,0.643886
1682,1682009,13747,0.692227
1683,1683013,21909,1.103223
1684,1684009,34456,1.735024
1685,1685013,46507,2.341849
1686,1686009,53293,2.683557
1687,1687013,52444,2.640806
1688,1688010,43834,2.207251
1689,1689013,31271,1.574644
1690,1690011,19396,0.976681
1691,1691008,12771,0.643081
1692,1692012,13555,0.682559
1693,1693008,21845,1.100000
1694,1694012,34472,1.735830
1695,1695009,46715,2.352323
1696,1696013,53533,2.695642
1697,1697015,52572,2.647251
1698,1698012,44074,2.219336
1699,1699009,31479,1.585118
1700,1700013,19604,0.987155
1701,1701009,12787,0.643886
1702,1702013,13747,0.692227
1703,1703009,22053,1.110474
1704,1704013,34696,1.747109
1705,1705009,46635,2.348295
1706,1706013,53469,2.692419
1707,1707010,52492,2.643222
1708,1708014,44074,2.219336
1709,1709010,31511,1.586729
1710,1710014,19508,0.982321
1711,1711011,12707,0.639858
1712,1712015,13619,0.685782
1713,1713010,21957,1.105640
1714,1714009,34456,1.735024
1715,1715013,46539,2.343460
1716,1716009,53357,2.686780
1717,1717013,52620,2.649668
1718,1718009,44202,2.225782
1719,1719013,31479,1.585118
1720,1720010,19428,0.978292
1721,1721012,12675,0.638247
1722,1722010,13731,0.691421
1723,1723014,22101,1.112891
1724,1724010,34648,1.744692
1725,1725014,46651,2.349100
1726,1726011,53469,2.692419
1727,1727015,52508,2.644028
1728,1728011,44154,2.223364
1729,1729014,31511,1.586729
1730,1730013,19556,0.984738
1731,1731009,12819,0.645498
1732,1732013,13747,0.692227
1733,1733009,22053,1.110474
1734,1734013,34712,1.747915
1735,1735010,46619,2.347489
1736,1736014,53485,2.693225
1737,1737010,52540,2.645640
1738,1738008,44170,2.224170
1739,1739012,31527,1.587535
1740,1740009,19652,0.989572
1741,1741013,12787,0.643886
1742,1742009,13715,0.690616
1743,1743013,22101,1.112891
1744,1744009,34632,1.743886
1745,1745014,46587,2.345878
1746,1746013,53405,2.689196
1747,1747010,52492,2.643222
1748,1748014,44058,2.218530
1749,1749011,31527,1.587535
1750,1750015,19524,0.983127
1751,1751011,12563,0.632607
1752,1752015,13619,0.685782
1753,1753012,22101,1.112891
1754,1754009,34808,1.752749
1755,1755013,46747,2.353934
1756,1756009,53437,2.690808
1757,1757013,52524,2.644834
1758,1758010,44154,2.223364
1759,1759014,31511,1.586729
1760,1760010,19556,0.984738
1761,1761015,12739,0.641469
1762,1762012,13699,0.689810
1763,1763008,22021,1.108862
1764,1764012,34600,1.742275
1765,1765008,46539,2.343460
1766,1766012,53389,2.688391
1767,1767009,52444,2.640806
1768,1768013,44074,2.219336
1769,1769010,31543,1.588340
1770,1770008,19588,0.986349
1771,1771012,12691,0.639052
1772,1772009,13635,0.686587
1773,1773013,21893,1.102417
1774,1774009,34776,1.751138
1775,1775013,46619,2.347489
1776,1776009,53277,2.682751
1777,1777015,52396,2.638389
1778,1778013,43978,2.214502
1779,1779009,31431,1.582701
1780,1780013,19316,0.972653
1781,1781010,12755,0.642275
1782,1782014,13747,0.692227
1783,1783010,22085,1.112085
1784,1784014,34760,1.750332
1785,1785012,46683,2.350712
1786,1786009,53517,2.694836
1787,1787013,52540,2.645640
1788,1788010,44314,2.231421
1789,1789014,31511,1.586729
1790,1790010,19604,0.987155
1791,1791014,12771,0.643081
1792,1792010,13715,0.690616
1793,1793008,22021,1.108862
1794,1794013,34712,1.747915
1795,1795009,46603,2.346684
1796,1796013,53469,2.692419
1797,1797010,52492,2.643222
1798,1798014,44138,2.222559
1799,1799010,31559,1.589146
1800,1800014,19476,0.980709
1801,1801014,12755,0.642275
1802,1802011,13715,0.690616
1803,1803015,22069,1.111280
1804,1804012,34648,1.744692
1805,1805008,46571,2.345072
1806,1806012,53437,2.690808
1807,1807008,52492,2.643222
1808,1808012,44106,2.220948
1809,1809012,31463,1.584312
1810,1810010,19556,0.984738
1811,1811014,12755,0.642275
1812,1812010,13635,0.686587
1813,1813014,22149,1.115308
1814,1814011,34424,1.733413
1815,1815015,46683,2.350712
1816,1816011,53357,2.686780
1817,1817010,52492,2.643222
1818,1818015,44090,2.220142
1819,1819011,31479,1.585118
1820,1820008,19508,0.982321
1821,1821012,12691,0.639052
1822,1822008,13539,0.681753
1823,1823012,22133,1.114502
1824,1824009,34648,1.744692
1825,1825009,46731,2.353129
1826,1826014,53533,2.695642
1827,1827011,52604,2.648862
1828,1828015,44122,2.221753
1829,1829011,31559,1.589146
1830,1830008,19652,0.989572
1831,1831012,12739,0.641469
1832,1832008,13699,0.689810
1833,1833009,22005,1.108057
1834,1834009,34584,1.741469
1835,1835013,46635,2.348295
1836,1836009,53389,2.688391
1837,1837013,52428,2.640000
1838,1838009,44106,2.220948
1839,1839013,31479,1.585118
1840,1840010,19604,0.987155
1841,1841010,12755,0.642275
1842,1842008,13667,0.688199
1843,1843012,22085,1.112085
1844,1844008,34632,1.743886
1845,1845012,46667,2.349906
1846,1846009,53389,2.688391
1847,1847013,52508,2.644028
1848,1848009,44058,2.218530
1849,1849009,31543,1.588340
1850,1850014,19588,0.986349
1851,1851011,12771,0.643081
1852,1852015,13747,0.692227
1853,1853011,22085,1.112085
1854,1854015,34712,1.747915
1855,1855011,46635,2.348295
1856,1856008,53405,2.689196
1857,1857008,52492,2.643222
1858,1858013,44042,2.217725
1859,1859010,31543,1.588340
1860,1860014,19540,0.983932
1861,1861010,12739,0.641469
1862,1862014,13731,0.691421
1863,1863010,22021,1.108862
1864,1864014,34664,1.745498
1865,1865015,46603,2.346684
1866,1866013,53421,2.690002
1867,1867010,52508,2.644028
1868,1868014,43946,2.212891
1869,1869011,31639,1.593175
1870,1870015,19604,0.987155
1871,1871011,12707,0.639858
1872,1872015,13619,0.685782
1873,1873009,22005,1.108057
1874,1874009,34712,1.747915
1875,1875013,46747,2.353934
1876,1876010,53485,2.693225
1877,1877014,52588,2.648057
1878,1878010,44202,2.225782
1879,1879014,31543,1.588340
1880,1880010,19556,0.984738
1881,1881011,12739,0.641469
1882,1882009,13667,0.688199
1883,1883013,22037,1.109668
1884,1884009,34600,1.742275
1885,1885013,46635,2.348295
1886,1886009,53421,2.690002
1887,1887013,52572,2.647251
1888,1888010,44026,2.216919
1889,1889011,31463,1.584312
1890,1890009,19588,0.986349
1891,1891013,12771,0.643081
1892,1892009,13699,0.689810
1893,1893013,22069,1.111280
1894,1894009,34664,1.745498
1895,1895013,46635,2.348295
1896,1896010,53357,2.686780
1897,1897011,52444,2.640806
1898,1898008,44170,2.224170
1899,1899012,31463,1.584312
1900,1900008,19508,0.982321
1901,1901012,12707,0.639858
1902,1902008,13587,0.684170
1903,1903012,21957,1.105640
1904,1904009,34456,1.735024
1905,1905011,46539,2.343460
1906,1906008,53325,2.685168
1907,1907012,52412,2.639194
1908,1908008,43914,2.211279
1909,1909012,31527,1.587535
1910,1910009,19396,0.976681
1911,1911013,12723,0.640664
1912,1912009,13683,0.689004
1913,1913011,22005,1.108057
1914,1914008,34664,1.745498
1915,1915012,46587,2.345878
1916,1916009,53549,2.696448
1917,1917013,52556,2.646445
1918,1918009,44186,2.224976
1919,1919013,31527,1.587535
1920,1920009,19588,0.986349
1921,1921012,12787,0.643886
1922,1922010,13747,0.692227
1923,1923014,22101,1.112891
1924,1924010,34680,1.746303
1925,1925014,46667,2.349906
1926,1926010,53437,2.690808
1927,1927014,52556,2.646445
1928,1928011,44186,2.224976
1929,1929014,31639,1.593175
1930,1930011,19572,0.985544
1931,1931015,12755,0.642275
1932,1932011,13715,0.690616
1933,1933008,22005,1.108057
1934,1934012,34712,1.747915
1935,1935008,46683,2.350712
1936,1936012,53597,2.698865
1937,1937008,52556,2.646445
1938,1938014,44138,2.222559
1939,1939010,31575,1.589952
1940,1940014,19556,0.984738
1941,1941011,12723,0.640664
1942,1942015,13779,0.693838
1943,1943011,22053,1.110474
1944,1944015,34664,1.745498
1945,1945011,46571,2.345072
1946,1946009,53357,2.686780
1947,1947013,52508,2.644028
1948,1948009,44122,2.221753
1949,1949013,31479,1.585118
1950,1950010,19508,0.982321
1951,1951014,12467,0.627773
1952,1952010,13763,0.693033
1953,1953014,22149,1.115308
1954,1954012,34728,1.748720
1955,1955008,46731,2.353129
1956,1956012,53565,2.697253
1957,1957009,52556,2.646445
1958,1958013,44202,2.225782
1959,1959009,31623,1.592369
1960,1960013,19492,0.981515
1961,1961009,12723,0.640664
1962,1962014,13699,0.689810
1963,1963011,22037,1.109668
1964,1964015,34664,1.745498
1965,1965011,46571,2.345072
1966,1966015,53453,2.691614
1967,1967011,52460,2.641611
1968,1968008,44122,2.221753
1969,1969011,31367,1.579478
1970,1970009,19460,0.979904
1971,1971013,12659,0.637441
1972,1972009,13523,0.680948
1973,1973013,21925,1.104028
1974,1974010,34504,1.737441
1975,1975014,46491,2.341044
1976,1976010,53437,2.690808
1977,1977014,52412,2.639194
1978,1978012,44250,2.228198
1979,1979008,31671,1.594786
1980,1980012,19588,0.986349
1981,1981009,12803,0.644692
1982,1982013,13731,0.691421
1983,1983009,22101,1.112891
1984,1984013,34696,1.747109
1985,1985011,46699,2.351518
1986,1986015,53549,2.696448
1987,1987011,52572,2.647251
1988,1988008,44266,2.229004
1989,1989012,31543,1.588340
1990,1990008,19572,0.985544
1991,1991012,12739,0.641469
1992,1992009,13715,0.690616
1993,1993014,22101,1.112891
1994,1994012,34728,1.748720
1995,1995008,46715,2.352323
1996,1996012,53533,2.695642
1997,1997008,52620,2.649668
1998,1998012,44234,2.227393
1999,1999009,31655,1.593980
2000,2000013,19556,0.984738
2001,2001011,12771,0.643081
2002,2002008,13699,0.689810
2003,2003012,22069,1.111280
2004,2004008,34616,1.743081
2005,2005012,46651,2.349100
2006,2006008,53613,2.699670
2007,2007012,52492,2.643222
2008,2008009,44122,2.221753
2009,2009015,31447,1.583506
2010,2010012,19556,0.984738
2011,2011008,12787,0.643886
2012,2012012,13699,0.689810
2013,2013008,22021,1.108862
2014,2014012,34664,1.745498
2015,2015009,46603,2.346684
2016,2016013,53389,2.688391
2017,2017010,52460,2.641611
2018,2018015,44122,2.221753
2019,2019011,31559,1.589146
2020,2020008,19556,0.984738
2021,2021012,12771,0.643081
2022,2022008,13683,0.689004
2023,2023012,22037,1.109668
2024,2024009,34584,1.741469
2025,2025014,46619,2.347489
2026,2026011,53421,2.690002
2027,2027014,52492,2.643222
2028,2028011,44090,2.220142
2029,2029015,31463,1.584312
2030,2030011,19508,0.982321
2031,2031015,12643,0.636635
2032,2032011,13507,0.680142
2033,2033010,21909,1.103223
2034,2034014,34696,1.747109
2035,2035011,46587,2.345878
2036,2036015,53421,2.690002
2037,2037011,52460,2.641611
2038,2038015,44090,2.220142
2039,2039011,31527,1.587535
2040,2040008,19508,0.982321
2041,2041014,12467,0.627773
2042,2042012,13555,0.682559
2043,2043009,22037,1.109668
2044,2044013,34648,1.744692
2045,2045009,46603,2.346684
2046,2046013,53293,2.683557
2047,2047009,52524,2.644834
2048,2048013,44010,2.216114
2049,2049013,31623,1.592369
2050,2050010,19540,0.983932
2051,2051014,12723,0.640664
2052,2052011,13587,0.684170
2053,2053015,21989,1.107251
2054,2054011,34472,1.735830
2055,2055015,46651,2.349100
2056,2056011,53341,2.685974
2057,2057012,52380,2.637583
2058,2058009,44010,2.216114
2059,2059013,31527,1.587535
2060,2060010,19636,0.988766
2061,2061014,12787,0.643886
2062,2062010,13779,0.693838
2063,2063014,22165,1.116114
2064,2064010,34584,1.741469
2065,2065009,46603,2.346684
2066,2066015,53453,2.691614
2067,2067011,52508,2.644028
2068,2068015,44122,2.221753
2069,2069011,31591,1.590758
2070,2070008,19572,0.985544
2071,2071012,12771,0.643081
2072,2072008,13683,0.689004
2073,2073008,22117,1.113696
2074,2074014,34696,1.747109
2075,2075011,46667,2.349906
2076,2076015,53421,2.690002
2077,2077011,52492,2.643222
2078,2078015,44106,2.220948
2079,2079011,31511,1.586729
2080,2080008,19588,0.986349
2081,2081009,12771,0.643081
2082,2082014,13731,0.691421
2083,2083010,21957,1.105640
2084,2084014,34664,1.745498
2085,2085011,46555,2.344266
2086,2086015,53437,2.690808
2087,2087011,52492,2.643222
2088,2088015,44074,2.219336
2089,2089014,31415,1.581895
2090,2090012,19364,0.975070
2091,2091009,12531,0.630996
2092,2092013,13555,0.682559
2093,2093009,21861,1.100806
2094,2094013,34760,1.750332
2095,2095009,46715,2.352323
2096,2096013,53501,2.694030
2097,2097014,52556,2.646445
2098,2098011,44218,2.226587
2099,2099015,31543,1.588340
2100,2100011,19588,0.986349
2101,2101015,12739,0.641469
2102,2102011,13731,0.691421
2103,2103008,22053,1.110474
2104,2104012,34712,1.747915
2105,2105013,46731,2.353129
2106,2106012,53677,2.702893
2107,2107008,52588,2.648057
2108,2108012,44202,2.225782
2109,2109009,31607,1.591563
2110,2110013,19588,0.986349
2111,2111009,12739,0.641469
2112,2112013,13731,0.691421
2113,2113014,22037,1.109668
2114,2114012,34632,1.743886
2115,2115008,46539,2.343460
2116,2116012,53277,2.682751
2117,2117008,52428,2.640000
2118,2118012,44106,2.220948
2119,2119009,31511,1.586729
2120,2120013,19476,0.980709
2121,2121014,12675,0.638247
2122,2122011,13699,0.689810
2123,2123015,22053,1.110474
2124,2124011,34616,1.743081
2125,2125015,46603,2.346684
2126,2126011,53421,2.690002
2127,2127008,52492,2.643222
2128,2128012,44074,2.219336
2129,2129013,31463,1.584312
2130,2130012,19524,0.983127
2131,2131009,12771,0.643081
2132,2132012,13683,0.689004
2133,2133009,22005,1.108057
2134,2134013,34632,1.743886
2135,2135009,46523,2.342655
2136,2136013,53341,2.685974
2137,2137015,52444,2.640806
2138,2138015,44122,2.221753
2139,2139013,31463,1.584312
2140,2140009,19460,0.979904
2141,2141013,12595,0.634218
2142,2142009,13683,0.689004
2143,2143013,22069,1.111280
2144,2144010,34696,1.747109
2145,2145012,46683,2.350712
2146,2146009,53437,2.690808
2147,2147013,52508,2.644028
2148,2148009,44170,2.224170
2149,2149013,31527,1.587535
2150,2150010,19588,0.986349
2151,2151014,12739,0.641469
2152,2152010,13715,0.690616
2153,2153013,22069,1.111280
2154,2154009,34616,1.743081
2155,2155013,46587,2.345878
2156,2156010,53421,2.690002
2157,2157014,52476,2.642417
2158,2158010,44106,2.220948
2159,2159014,31495,1.585924
2160,2160010,19380,0.975875
2161,2161013,12755,0.642275
2162,2162009,13747,0.692227
2163,2163013,21925,1.104028
2164,2164010,34488,1.736635
2165,2165014,46331,2.332987
2166,2166010,53405,2.689196
2167,2167014,52332,2.635166
2168,2168010,44026,2.216919
2169,2169014,31367,1.579478
2170,2170012,19396,0.976681
2171,2171008,12771,0.643081
2172,2172012,13555,0.682559
2173,2173008,21829,1.099194
2174,2174012,34584,1.741469
2175,2175009,46667,2.349906
2176,2176013,53549,2.696448
2177,2177008,52556,2.646445
2178,2178013,44218,2.226587
2179,2179009,31527,1.587535
2180,2180013,19524,0.983127
2181,2181010,12755,0.642275
2182,2182014,13763,0.693033
2183,2183010,22037,1.109668
2184,2184014,34680,1.746303
2185,2185011,46587,2.345878
2186,2186010,53437,2.690808
2187,2187014,52492,2.643222
2188,2188010,44106,2.220948
2189,2189014,31495,1.585924
2190,2190010,19636,0.988766
2191,2191014,12739,0.641469
2192,2192011,13651,0.687393
2193,2193015,22053,1.110474
2194,2194012,34632,1.743886
2195,2195009,46523,2.342655
2196,2196013,53325,2.685168
2197,2197009,52332,2.635166
2198,2198013,44010,2.216114
2199,2199009,31671,1.594786
2200,2200013,19364,0.975070
2201,2201009,12803,0.644692
2202,2202014,13635,0.686587
2203,2203010,21989,1.107251
2204,2204014,34696,1.747109
2205,2205010,46699,2.351518
2206,2206014,53581,2.698059
2207,2207011,52572,2.647251
2208,2208015,44122,2.221753
2209,2209011,31623,1.592369
2210,2210009,19604,0.987155
2211,2211013,12803,0.644692
2212,2212009,13667,0.688199
2213,2213013,22021,1.108862
2214,2214009,34696,1.747109
2215,2215013,46699,2.351518
2216,2216010,53437,2.690808
2217,2217014,52572,2.647251
2218,2218012,44170,2.224170
2219,2219008,31623,1.592369
2220,2220012,19524,0.983127
2221,2221009,12787,0.643886
2222,2222013,13715,0.690616
2223,2223009,22021,1.108862
2224,2224013,34632,1.743886
2225,2225011,46571,2.345072
2226,2226008,53389,2.688391
2227,2227012,52460,2.641611
2228,2228008,44090,2.220142
2229,2229012,31383,1.580284
2230,2230009,19652,0.989572
2231,2231013,12755,0.642275
2232,2232009,13667,0.688199
2233,2233014,22101,1.112891
2234,2234011,34648,1.744692
2235,2235015,46635,2.348295
2236,2236011,53405,2.689196
2237,2237008,52524,2.644834
2238,2238012,44138,2.222559
2239,2239008,31543,1.588340
2240,2240012,19572,0.985544
2241,2241010,12755,0.642275
2242,2242008,13683,0.689004
2243,2243012,22021,1.108862
2244,2244009,34600,1.742275
2245,2245013,46603,2.346684
2246,2246009,53357,2.686780
2247,2247013,52476,2.642417
2248,2248009,44122,2.221753
2249,2249014,31479,1.585118
2250,2250011,19572,0.985544
2251,2251008,12723,0.640664
2252,2252012,13651,0.687393
2253,2253008,21925,1.104028
2254,2254012,34584,1.741469
2255,2255008,46683,2.350712
2256,2256012,53293,2.683557
2257,2257011,52364,2.636777
2258,2258009,44042,2.217725
2259,2259013,31463,1.584312
2260,2260009,19620,0.987961
2261,2261013,12707,0.639858
2262,2262009,13635,0.686587
2263,2263013,21893,1.102417
2264,2264010,34728,1.748720
2265,2265011,46587,2.345878
2266,2266009,53597,2.698865
2267,2267013,52524,2.644834
2268,2268009,44138,2.222559
2269,2269013,31543,1.588340
2270,2270009,19636,0.988766
2271,2271013,12755,0.642275
2272,2272010,13683,0.689004
2273,2273009,21989,1.107251
2274,2274015,34840,1.754360
2275,2275011,46571,2.345072
2276,2276008,53405,2.689196
2277,2277012,52444,2.640806
2278,2278008,44298,2.230616
2279,2279012,31607,1.591563
2280,2280009,19588,0.986349
2281,2281015,12739,0.641469
2282,2282013,13747,0.692227
2283,2283009,22021,1.108862
2284,2284013,34680,1.746303
2285,2285009,46603,2.346684
2286,2286013,53501,2.694030
2287,2287010,52524,2.644834
2288,2288014,44106,2.220948
2289,2289013,31527,1.587535
2290,2290012,19652,0.989572
2291,2291008,12771,0.643081
2292,2292012,13715,0.690616
2293,2293009,22053,1.110474
2294,2294013,34696,1.747109
2295,2295009,46555,2.344266
2296,2296013,53421,2.690002
2297,2297012,52460,2.641611
2298,2298009,44074,2.219336
2299,2299013,31527,1.587535
2300,2300009,19540,0.983932
2301,2301013,12707,0.639858
2302,2302010,13667,0.688199
2303,2303014,22069,1.111280
2304,2304010,34552,1.739858
2305,2305010,46411,2.337015
2306,2306008,53325,2.685168
2307,2307012,52316,2.634360
2308,2308008,44074,2.219336
2309,2309012,31399,1.581090
2310,2310008,19412,0.977487
2311,2311012,12547,0.631801
2312,2312009,13571,0.683365
2313,2313009,21989,1.107251
2314,2314009,34616,1.743081
2315,2315013,46619,2.347489
2316,2316010,53421,2.690002
2317,2317014,52444,2.640806
2318,2318010,44010,2.216114
2319,2319014,31351,1.578672
2320,2320010,19428,0.978292
2321,2321011,12611,0.635024
2322,2322008,13715,0.690616
2323,2323012,22005,1.108057
2324,2324008,34504,1.737441
2325,2325012,46763,2.354740
2326,2326008,53501,2.694030
2327,2327012,52556,2.646445
2328,2328009,44170,2.224170
2329,2329010,31559,1.589146
2330,2330009,19604,0.987155
2331,2331013,12739,0.641469
2332,2332009,13683,0.689004
2333,2333013,22069,1.111280
2334,2334009,34616,1.743081
2335,2335013,46683,2.350712
2336,2336010,53389,2.688391
2337,2337010,52508,2.644028
2338,2338008,44090,2.220142
2339,2339012,31543,1.588340
2340,2340008,19524,0.983127
2341,2341012,12755,0.642275
2342,2342008,13667,0.688199
2343,2343012,22021,1.108862
2344,2344009,34552,1.739858
2345,2345010,46555,2.344266
2346,2346009,53405,2.689196
2347,2347013,52476,2.642417
2348,2348009,44090,2.220142
2349,2349013,31495,1.585924
2350,2350010,19540,0.983932
2351,2351014,12739,0.641469
2352,2352010,13651,0.687393
2353,2353013,22053,1.110474
2354,2354011,34632,1.743886
2355,2355008,46539,2.343460
2356,2356012,53421,2.690002
2357,2357009,52476,2.642417
2358,2358013,44090,2.220142
2359,2359009,31559,1.589146
2360,2360013,19524,0.983127
2361,2361015,12707,0.639858
2362,2362014,13715,0.690616
2363,2363010,21909,1.103223
2364,2364014,34632,1.743886
2365,2365010,46539,2.343460
2366,2366014,53341,2.685974
2367,2367011,52636,2.650474
2368,2368015,44218,2.226587
2369,2369010,31431,1.582701
2370,2370008,19604,0.987155
2371,2371012,12739,0.641469
2372,2372008,13715,0.690616
2373,2373012,22117,1.113696
2374,2374009,34648,1.744692
2375,2375013,46715,2.352323
2376,2376009,53437,2.690808
2377,2377011,52460,2.641611
2378,2378009,44138,2.222559
2379,2379013,31527,1.587535
2380,2380010,19572,0.985544
2381,2381014,12723,0.640664
2382,2382010,13651,0.687393
2383,2383014,21893,1.102417
2384,2384010,34552,1.739858
2385,2385013,46619,2.347489
2386,2386011,53341,2.685974
2387,2387014,52428,2.640000
2388,2388011,44042,2.217725
2389,2389015,31431,1.582701
2390,2390011,19572,0.985544
2391,2391008,12835,0.646303
2392,2392012,13747,0.692227
2393,2393015,22165,1.116114
2394,2394013,34760,1.750332
2395,2395010,46603,2.346684
2396,2396014,53357,2.686780
2397,2397010,52492,2.643222
2398,2398014,44106,2.220948
2399,2399011,31543,1.588340
2400,2400015,19492,0.981515
2401,2401009,12739,0.641469
2402,2402015,13715,0.690616
2403,2403012,22037,1.109668
2404,2404008,34408,1.732607
2405,2405012,46523,2.342655
2406,2406009,53405,2.689196
2407,2407013,52444,2.640806
2408,2408009,44106,2.220948
2409,2409013,31495,1.585924
2410,2410010,19444,0.979098
2411,2411014,12547,0.631801
2412,2412010,13507,0.680142
2413,2413014,22149,1.115308
2414,2414011,34696,1.747109
2415,2415015,46747,2.353934
2416,2416011,53549,2.696448
2417,2417015,52460,2.641611
2418,2418013,44218,2.226587
2419,2419009,31623,1.592369
2420,2420013,19588,0.986349
2421,2421009,12723,0.640664
2422,2422013,13715,0.690616
2423,2423010,22005,1.108057
2424,2424014,34680,1.746303
2425,2425010,46603,2.346684
2426,2426015,53437,2.690808
2427,2427011,52524,2.644834
2428,2428008,44138,2.222559
2429,2429012,31543,1.588340
2430,2430008,19620,0.987961
2431,2431012,12755,0.642275
2432,2432008,13715,0.690616
2433,2433013,22037,1.109668
2434,2434011,34520,1.738247
2435,2435015,46475,2.340238
2436,2436011,53357,2.686780
2437,2437015,52332,2.635166
2438,2438011,44010,2.216114
2439,2439008,31655,1.593980
2440,2440012,19588,0.986349
2441,2441009,12787,0.643886
2442,2442014,13747,0.692227
2443,2443011,22021,1.108862
2444,2444015,34680,1.746303
2445,2445011,46619,2.347489
2446,2446015,53453,2.691614
2447,2447011,52492,2.643222
2448,2448008,44170,2.224170
2449,2449013,31543,1.588340
2450,2450010,19604,0.987155
2451,2451013,12771,0.643081
2452,2452010,13683,0.689004
2453,2453014,22069,1.111280
2454,2454010,34584,1.741469
2455,2455014,46603,2.346684
2456,2456010,53357,2.686780
2457,2457009,52492,2.643222
2458,2458014,44010,2.216114
2459,2459011,31591,1.590758
2460,2460008,19636,0.988766
2461,2461012,12803,0.644692
2462,2462008,13747,0.692227
2463,2463012,22053,1.110474
2464,2464008,34632,1.743886
2465,2465014,46779,2.355546
2466,2466011,53517,2.694836
2467,2467008,52396,2.638389
2468,2468012,44186,2.224976
2469,2469008,31639,1.593175
2470,2470012,19604,0.987155
2471,2471008,12755,0.642275
2472,2472012,13699,0.689810
2473,2473010,22005,1.108057
2474,2474009,34600,1.742275
2475,2475014,46603,2.346684
2476,2476011,53389,2.688391
2477,2477015,52460,2.641611
2478,2478011,44154,2.223364
2479,2479008,31559,1.589146
2480,2480012,19540,0.983932
2481,2481009,12739,0.641469
2482,2482014,13699,0.689810
2483,2483011,22021,1.108862
2484,2484015,34520,1.738247
2485,2485011,46443,2.338627
2486,2486015,53373,2.687585
2487,2487011,52396,2.638389
2488,2488008,44106,2.220948
2489,2489014,31479,1.585118
2490,2490012,19556,0.984738
2491,2491008,12595,0.634218
2492,2492012,13395,0.674502
2493,2493009,21957,1.105640
2494,2494013,34680,1.746303
2495,2495009,46635,2.348295
2496,2496013,53485,2.693225
2497,2497012,52588,2.648057
2498,2498010,44218,2.226587
2499,2499014,31495,1.585924
2500,2500011,19588,0.986349
2501,2501015,12803,0.644692
2502,2502011,13795,0.694644
2503,2503008,22053,1.110474
2504,2504012,34664,1.745498
2505,2505010,46651,2.349100
2506,2506015,53549,2.696448
2507,2507011,52556,2.646445
2508,2508008,44090,2.220142
2509,2509012,31511,1.586729
2510,2510008,19604,0.987155
2511,2511012,12723,0.640664
2512,2512009,13619,0.685782
2513,2513015,22037,1.109668
2514,2514012,34552,1.739858
2515,2515008,46475,2.340238
2516,2516012,53389,2.688391
2517,2517009,52444,2.640806
2518,2518013,44090,2.220142
2519,2519009,31543,1.588340
2520,2520013,19524,0.983127
2521,2521013,12723,0.640664
2522,2522011,13651,0.687393
2523,2523008,21845,1.100000
2524,2524012,34600,1.742275
2525,2525009,46507,2.341849
2526,2526013,53341,2.685974
2527,2527009,52396,2.638389
2528,2528013,44074,2.219336
2529,2529012,31463,1.584312
2530,2530010,19556,0.984738
2531,2531014,12707,0.639858
2532,2532011,13859,0.697867
2533,2533015,22053,1.110474
2534,2534011,34728,1.748720
2535,2535008,46619,2.347489
2536,2536012,53565,2.697253
2537,2537012,52588,2.648057
2538,2538011,44330,2.232227
2539,2539015,31511,1.586729
2540,2540011,19588,0.986349
2541,2541008,12771,0.643081
2542,2542012,13715,0.690616
2543,2543008,21989,1.107251
2544,2544012,34632,1.743886
2545,2545013,46619,2.347489
2546,2546010,53325,2.685168
2547,2547014,52444,2.640806
2548,2548011,44042,2.217725
2549,2549015,31495,1.585924
2550,2550011,19540,0.983932
2551,2551015,12675,0.638247
2552,2552011,13683,0.689004
2553,2553012,22005,1.108057
2554,2554009,34552,1.739858
2555,2555013,46571,2.345072
2556,2556009,53373,2.687585
2557,2557013,52428,2.640000
2558,2558010,44170,2.224170
2559,2559014,31495,1.585924
2560,2560010,19572,0.985544
2561,2561010,12723,0.640664
2562,2562015,13651,0.687393
2563,2563011,22021,1.108862
2564,2564015,34696,1.747109
2565,2565011,46651,2.349100
2566,2566008,53405,2.689196
2567,2567012,52444,2.640806
2568,2568008,44138,2.222559
2569,2569010,31495,1.585924
2570,2570008,19556,0.984738
2571,2571012,12563,0.632607
2572,2572009,13539,0.681753
2573,2573013,22101,1.112891
2574,2574009,34488,1.736635
2575,2575013,46635,2.348295
2576,2576009,53293,2.683557
2577,2577011,52524,2.644834
2578,2578008,44314,2.231421
2579,2579012,31575,1.589952
2580,2580008,19636,0.988766
2581,2581012,12755,0.642275
2582,2582009,13747,0.692227
2583,2583013,22085,1.112085
2584,2584009,34616,1.743081
2585,2585011,46603,2.346684
2586,2586009,53309,2.684362
2587,2587013,52588,2.648057
2588,2588009,44202,2.225782
2589,2589013,31479,1.585118
2590,2590010,19620,0.987961
2591,2591014,12771,0.643081
2592,2592010,13699,0.689810
2593,2593013,22085,1.112085
2594,2594011,34712,1.747915
2595,2595009,46571,2.345072
2596,2596013,53405,2.689196
2597,2597010,52604,2.648862
2598,2598014,44074,2.219336
2599,2599010,31527,1.587535
2600,2600014,19540,0.983932
2601,2601009,12739,0.641469
2602,2602013,13667,0.688199
2603,2603009,21829,1.099194
2604,2604013,34632,1.743886
2605,2605009,46475,2.340238
2606,2606013,53405,2.689196
2607,2607010,52508,2.644028
2608,2608014,43962,2.213696
2609,2609010,31671,1.594786
2610,2610014,19540,0.983932
2611,2611010,12771,0.643081
2612,2612014,13731,0.691421
2613,2613010,22037,1.109668
2614,2614014,34760,1.750332
2615,2615011,46651,2.349100
2616,2616015,53517,2.694836
2617,2617009,52604,2.648862
2618,2618014,44138,2.222559
2619,2619011,31591,1.590758
2620,2620015,19540,0.983932
2621,2621011,12739,0.641469
2622,2622015,13747,0.692227
2623,2623011,22021,1.108862
2624,2624008,34616,1.743081
2625,2625011,46619,2.347489
2626,2626015,53405,2.689196
2627,2627011,52492,2.643222
2628,2628008,44170,2.224170
2629,2629012,31575,1.589952
2630,2630008,19572,0.985544
2631,2631012,12787,0.643886
2632,2632009,13587,0.684170
2633,2633012,22053,1.110474
2634,2634010,34632,1.743886
2635,2635014,46651,2.349100
2636,2636011,53437,2.690808
2637,2637015,52460,2.641611
2638,2638011,44138,2.222559
2639,2639015,31447,1.583506
2640,2640011,19428,0.978292
2641,2641014,12675,0.638247
2642,2642012,13555,0.682559
2643,2643009,21909,1.103223
2644,2644012,34504,1.737441
2645,2645009,46747,2.353934
2646,2646013,53501,2.694030
2647,2647009,52652,2.651280
2648,2648013,44138,2.222559
2649,2649010,31559,1.589146
2650,2650015,19540,0.983932
2651,2651011,12739,0.641469
2652,2652015,13699,0.689810
2653,2653011,22053,1.110474
2654,2654008,34664,1.745498
2655,2655012,46587,2.345878
2656,2656008,53421,2.690002
2657,2657013,52572,2.647251
2658,2658011,44170,2.224170
2659,2659015,31463,1.584312
2660,2660011,19540,0.983932
2661,2661008,12771,0.643081
2662,2662012,13731,0.691421
2663,2663008,21973,1.106445
2664,2664012,34648,1.744692
2665,2665009,46571,2.345072
2666,2666015,53485,2.693225
2667,2667011,52460,2.641611
2668,2668015,44090,2.220142
2669,2669012,31527,1.587535
2670,2670008,19508,0.982321
2671,2671012,12563,0.632607
2672,2672008,13555,0.682559
2673,2673014,21957,1.105640
2674,2674013,34648,1.744692
2675,2675009,46539,2.343460
2676,2676013,53341,2.685974
2677,2677010,52524,2.644834
2678,2678014,44058,2.218530
2679,2679010,31639,1.593175
2680,2680014,19604,0.987155
2681,2681012,12771,0.643081
2682,2682011,13795,0.694644
2683,2683015,21941,1.104834
2684,2684011,34488,1.736635
2685,2685008,46427,2.337821
2686,2686012,53389,2.688391
2687,2687008,52444,2.640806
2688,2688012,44058,2.218530
2689,2689011,31431,1.582701
2690,2690015,19492,0.981515
2691,2691011,12771,0.643081
2692,2692008,13683,0.689004
2693,2693012,22085,1.112085
2694,2694008,34616,1.743081
2695,2695012,46651,2.349100
2696,2696008,53469,2.692419
2697,2697015,52556,2.646445
2698,2698012,44186,2.224976
2699,2699008,31623,1.592369
2700,2700012,19604,0.987155
2701,2701008,12803,0.644692
2702,2702012,13731,0.691421
2703,2703009,21989,1.107251
2704,2704013,34600,1.742275
2705,2705012,46587,2.345878
2706,2706010,53405,2.689196
2707,2707014,52460,2.641611
2708,2708010,44090,2.220142
2709,2709014,31367,1.579478
2710,2710011,19380,0.975875
2711,2711015,12659,0.637441
2712,2712011,13635,0.686587
2713,2713011,22005,1.108057
2714,2714010,34696,1.747109
2715,2715014,46731,2.353129
2716,2716010,53549,2.696448
2717,2717014,52620,2.649668
2718,2718010,44202,2.225782
2719,2719014,31543,1.588340
2720,2720011,19620,0.987961
2721,2721009,12819,0.645498
2722,2722013,13667,0.688199
2723,2723010,22005,1.108057
2724,2724014,34680,1.746303
2725,2725010,46619,2.347489
2726,2726014,53469,2.692419
2727,2727010,52508,2.644028
2728,2728014,44090,2.220142
2729,2729014,31527,1.587535
2730,2730011,19604,0.987155
2731,2731015,12739,0.641469
2732,2732011,13715,0.690616
2733,2733015,22069,1.111280
2734,2734011,34584,1.741469
2735,2735008,46555,2.344266
2736,2736012,53341,2.685974
2737,2737011,52396,2.638389
2738,2738009,44122,2.221753
2739,2739013,31575,1.589952
2740,2740010,19636,0.988766
2741,2741014,12803,0.644692
2742,2742010,13763,0.693033
2743,2743014,21941,1.104834
2744,2744010,34696,1.747109
2745,2745011,46587,2.345878
2746,2746009,53453,2.691614
2747,2747013,52716,2.654502
2748,2748010,44218,2.226587
2749,2749014,31559,1.589146
2750,2750010,19604,0.987155
2751,2751014,12755,0.642275
2752,2752010,13715,0.690616
2753,2753010,22053,1.110474
2754,2754015,34712,1.747915
2755,2755011,46683,2.350712
2756,2756008,53501,2.694030
2757,2757012,52380,2.637583
2758,2758008,44266,2.229004
2759,2759012,31607,1.591563
2760,2760008,19636,0.988766
2761,2761008,12771,0.643081
2762,2762012,13763,0.693033
2763,2763009,22069,1.111280
2764,2764013,34728,1.748720
2765,2765009,46683,2.350712
2766,2766013,53517,2.694836
2767,2767009,52524,2.644834
2768,2768013,44074,2.219336
2769,2769013,31543,1.588340
2770,2770009,19636,0.988766
2771,2771013,12739,0.641469
2772,2772010,13715,0.690616
2773,2773014,22085,1.112085
2774,2774010,34632,1.743886
2775,2775014,46667,2.349906
2776,2776010,53421,2.690002
2777,2777011,52476,2.642417
2778,2778009,44170,2.224170
2779,2779013,31543,1.588340
2780,2780009,19572,0.985544
2781,2781013,12755,0.642275
2782,2782010,13699,0.689810
2783,2783014,22069,1.111280
2784,2784010,34584,1.741469
2785,2785011,46635,2.348295
2786,2786009,53405,2.689196
2787,2787013,52460,2.641611
2788,2788009,44138,2.222559
2789,2789013,31543,1.588340
2790,2790010,19620,0.987961
2791,2791014,12755,0.642275
2792,2792010,13683,0.689004
2793,2793011,22101,1.112891
2794,2794009,34616,1.743081
2795,2795013,46667,2.349906
2796,2796010,53469,2.692419
2797,2797014,52572,2.647251
2798,2798010,44234,2.227393
2799,2799014,31559,1.589146
2800,2800010,19572,0.985544
2801,2801012,12755,0.642275
2802,2802011,13731,0.691421
2803,2803008,22037,1.109668
2804,2804012,34728,1.748720
2805,2805009,46699,2.351518
2806,2806013,53549,2.696448
2807,2807009,52508,2.644028
2808,2808013,44154,2.223364
2809,2809015,31527,1.587535
2810,2810013,19588,0.986349
2811,2811010,12755,0.642275
2812,2812014,13731,0.691421
2813,2813010,22005,1.108057
2814,2814014,34584,1.741469
2815,2815010,46555,2.344266
2816,2816014,53405,2.689196
2817,2817008,52524,2.644834
2818,2818013,44122,2.221753
2819,2819009,31559,1.589146
2820,2820013,19556,0.984738
2821,2821009,12739,0.641469
2822,2822013,13715,0.690616
2823,2823010,22021,1.108862
2824,2824014,34632,1.743886
2825,2825008,46571,2.345072
2826,2826012,53405,2.689196
2827,2827009,52460,2.641611
2828,2828013,44090,2.220142
2829,2829009,31399,1.581090
2830,2830013,19412,0.977487
2831,2831009,12579,0.633413
2832,2832013,13651,0.687393
2833,2833015,21957,1.105640
2834,2834013,34504,1.737441
2835,2835009,46651,2.349100
2836,2836013,53533,2.695642
2837,2837009,52588,2.648057
2838,2838013,44234,2.227393
2839,2839010,31623,1.592369
2840,2840014,19572,0.985544
2841,2841008,12803,0.644692
2842,2842015,13779,0.693838
2843,2843011,22053,1.110474
2844,2844015,34680,1.746303
2845,2845012,46667,2.349906
2846,2846008,53453,2.691614
2847,2847012,52508,2.644028
2848,2848008,44186,2.224976
2849,2849012,31559,1.589146
2850,2850010,19588,0.986349
2851,2851014,12723,0.640664
2852,2852010,13699,0.689810
2853,2853014,22037,1.109668
2854,2854010,34696,1.747109
2855,2855014,46715,2.352323
2856,2856011,53469,2.692419
2857,2857014,52620,2.649668
2858,2858011,44186,2.224976
2859,2859015,31495,1.585924
2860,2860011,19556,0.984738
2861,2861008,12755,0.642275
2862,2862012,13731,0.691421
2863,2863008,22005,1.108057
2864,2864012,34632,1.743886
2865,2865014,46651,2.349100
2866,2866014,53437,2.690808
2867,2867011,52428,2.640000
2868,2868015,44122,2.221753
2869,2869011,31543,1.588340
2870,2870015,19556,0.984738
2871,2871011,12771,0.643081
2872,2872008,13587,0.684170
2873,2873013,22069,1.111280
2874,2874010,34600,1.742275
2875,2875014,46667,2.349906
2876,2876011,53421,2.690002
2877,2877015,52460,2.641611
2878,2878011,44138,2.222559
2879,2879015,31447,1.583506
2880,2880011,19492,0.981515
2881,2881008,12739,0.641469
2882,2882014,13667,0.688199
2883,2883011,21909,1.103223
2884,2884015,34584,1.741469
2885,2885011,46475,2.340238
2886,2886015,53373,2.687585
2887,2887011,52348,2.635972
2888,2888008,44250,2.228198
2889,2889012,31575,1.589952
2890,2890010,19572,0.985544
2891,2891014,12723,0.640664
2892,2892011,13507,0.680142
2893,2893015,21957,1.105640
2894,2894011,34504,1.737441
2895,2895008,46523,2.342655
2896,2896012,53565,2.697253
2897,2897009,52540,2.645640
2898,2898014,44090,2.220142
2899,2899011,31623,1.592369
2900,2900015,19364,0.975070
2901,2901011,12595,0.634218
2902,2902015,13635,0.686587
2903,2903011,22085,1.112085
2904,2904008,34664,1.745498
2905,2905012,46747,2.353934
2906,2906009,53517,2.694836
2907,2907013,52636,2.650474
2908,2908009,44170,2.224170
2909,2909013,31575,1.589952
2910,2910010,19572,0.985544
2911,2911014,12675,0.638247
2912,2912010,13683,0.689004
2913,2913008,21941,1.104834
2914,2914013,34648,1.744692
2915,2915010,46539,2.343460
2916,2916014,53325,2.685168
2917,2917010,52476,2.642417
2918,2918014,44122,2.221753
2919,2919010,31527,1.587535
2920,2920014,19476,0.980709
2921,2921012,12739,0.641469
2922,2922010,13571,0.683365
2923,2923014,21749,1.095166
2924,2924010,34616,1.743081
2925,2925014,46779,2.355546
2926,2926010,53501,2.694030
2927,2927014,52604,2.648862
2928,2928011,44250,2.228198
2929,2929008,31463,1.584312
2930,2930013,19604,0.987155
2931,2931009,12787,0.643886
2932,2932013,13635,0.686587
2933,2933010,22101,1.112891
2934,2934014,34632,1.743886
2935,2935010,46651,2.349100
2936,2936014,53501,2.694030
2937,2937011,52524,2.644834
2938,2938009,44170,2.224170
2939,2939013,31495,1.585924
2940,2940009,19588,0.986349
2941,2941013,12771,0.643081
2942,2942009,13699,0.689810
2943,2943013,22053,1.110474
2944,2944010,34616,1.743081
2945,2945010,46619,2.347489
2946,2946015,53437,2.690808
2947,2947011,52492,2.643222
2948,2948008,43930,2.212085
2949,2949012,31559,1.589146
2950,2950008,19604,0.987155
2951,2951012,12579,0.633413
2952,2952008,13587,0.684170
2953,2953014,21813,1.098389
2954,2954012,34424,1.733413
2955,2955009,46475,2.340238
2956,2956013,53549,2.696448
2957,2957009,52572,2.647251
2958,2958013,44106,2.220948
2959,2959009,31591,1.590758
2960,2960013,19540,0.983932
2961,2961012,12771,0.643081
2962,2962009,13699,0.689810
2963,2963013,22037,1.109668
2964,2964009,34600,1.742275
2965,2965013,46683,2.350712
2966,2966010,53405,2.689196
2967,2967014,52556,2.646445
2968,2968010,44202,2.225782
2969,2969009,31591,1.590758
2970,2970013,19540,0.983932
2971,2971009,12755,0.642275
2972,2972013,13795,0.694644
2973,2973010,22053,1.110474
2974,2974014,34680,1.746303
2975,2975010,46619,2.347489
2976,2976014,53437,2.690808
2977,2977014,52508,2.644028
2978,2978011,44122,2.221753
2979,2979015,31511,1.586729
2980,2980011,19540,0.983932
2981,2981015,12707,0.639858
2982,2982011,13715,0.690616
2983,2983008,21941,1.104834
2984,2984012,34520,1.738247
2985,2985011,46795,2.356352
2986,2986010,53565,2.697253
2987,2987014,52524,2.644834
2988,2988011,44138,2.222559
2989,2989015,31671,1.594786
2990,2990011,19604,0.987155
2991,2991015,12739,0.641469
2992,2992011,13603,0.684976
2993,2993011,22037,1.109668
2994,2994010,34504,1.737441
2995,2995014,46459,2.339432
2996,2996010,53261,2.681946
2997,2997014,52364,2.636777
2998,2998010,44090,2.220142
2999,2999014,31303,1.576255
3000,3000011,19444,0.979098
3001,3001011,12771,0.643081
3002,3002010,13731,0.691421
3003,3003015,22133,1.114502
3004,3004012,34680,1.746303
3005,3005008,46619,2.347489
3006,3006012,53501,2.694030
3007,3007008,52636,2.650474
3008,3008012,44138,2.222559
3009,3009013,31543,1.588340
3010,3010010,19620,0.987961
3011,3011014,12787,0.643886
3012,3012011,13747,0.692227
3013,3013015,22133,1.114502
3014,3014011,34680,1.746303
3015,3015015,46651,2.349100
3016,3016011,53437,2.690808
3017,3017012,52508,2.644028
3018,3018011,44170,2.224170
3019,3019015,31495,1.585924
3020,3020011,19572,0.985544
3021,3021015,12723,0.640664
3022,3022011,13715,0.690616
3023,3023008,22005,1.108057
3024,3024012,34648,1.744692
3025,3025012,46619,2.347489
3026,3026010,53421,2.690002
3027,3027014,52428,2.640000
3028,3028010,44106,2.220948
3029,3029014,31511,1.586729
3030,3030010,19604,0.987155
3031,3031014,12563,0.632607
3032,3032011,13411,0.675308
3033,3033013,22133,1.114502
3034,3034011,34712,1.747915
3035,3035015,46731,2.353129
3036,3036011,53469,2.692419
3037,3037008,52540,2.645640
3038,3038012,44170,2.224170
3039,3039008,31575,1.589952
3040,3040012,19556,0.984738
3041,3041014,12723,0.640664
3042,3042013,13699,0.689810
3043,3043010,22005,1.108057
3044,3044014,34616,1.743081
3045,3045010,46587,2.345878
3046,3046014,53485,2.693225
3047,3047010,52460,2.641611
3048,3048014,44122,2.221753
3049,3049008,31591,1.590758
3050,3050014,19556,0.984738
3051,3051010,12739,0.641469
3052,3052014,13731,0.691421
3053,3053010,22021,1.108862
3054,3054014,34680,1.746303
3055,3055011,46507,2.341849
3056,3056015,53373,2.687585
3057,3057011,52460,2.641611
3058,3058008,44154,2.223364
3059,3059012,31511,1.586729
3060,3060009,19588,0.986349
3061,3061013,12755,0.642275
3062,3062009,13683,0.689004
3063,3063013,22085,1.112085
3064,3064009,34664,1.745498
3065,3065012,46571,2.345072
3066,3066010,53373,2.687585
3067,3067014,52492,2.643222
3068,3068010,44010,2.216114
3069,3069014,31559,1.589146
3070,3070010,19620,0.987961
3071,3071014,12739,0.641469
3072,3072011,13603,0.684976
3073,3073014,22037,1.109668
3074,3074011,34664,1.745498
3075,3075015,46667,2.349906
3076,3076011,53421,2.690002
3077,3077015,52540,2.645640
3078,3078011,44122,2.221753
3079,3079008,31623,1.592369
3080,3080012,19524,0.983127
3081,3081015,12739,0.641469
3082,3082012,13651,0.687393
3083,3083009,21973,1.106445
3084,3084013,34600,1.742275
3085,3085009,46507,2.341849
3086,3086013,53293,2.683557
3087,3087009,52364,2.636777
3088,3088013,44138,2.222559
3089,3089009,31623,1.592369
3090,3090013,19636,0.988766
3091,3091010,12771,0.643081
3092,3092014,13779,0.693838
3093,3093010,22117,1.113696
3094,3094014,34760,1.750332
3095,3095010,46683,2.350712
3096,3096014,53501,2.694030
3097,3097011,52524,2.644834
3098,3098010,44138,2.222559
3099,3099014,31591,1.590758
3100,3100011,19604,0.987155
3101,3101015,12787,0.643886
3102,3102011,13763,0.693033
3103,3103015,21925,1.104028
3104,3104011,34712,1.747915
3105,3105008,46651,2.349100
3106,3106012,53501,2.694030
3107,3107009,52572,2.647251
3108,3108013,44186,2.224976
3109,3109009,31575,1.589952
3110,3110013,19572,0.985544
3111,3111009,12771,0.643081
3112,3112013,13667,0.688199
3113,3113010,22021,1.108862
3114,3114008,34584,1.741469
3115,3115012,46571,2.345072
3116,3116009,53389,2.688391
3117,3117013,52460,2.641611
3118,3118009,44154,2.223364
3119,3119013,31511,1.586729
3120,3120009,19604,0.987155
3121,3121014,12771,0.643081
3122,3122012,13683,0.689004
3123,3123009,21973,1.106445
3124,3124013,34600,1.742275
3125,3125009,46571,2.345072
3126,3126013,53389,2.688391
3127,3127009,52492,2.643222
3128,3128013,44138,2.222559
3129,3129011,31527,1.587535
3130,3130010,19604,0.987155
3131,3131015,12739,0.641469
3132,3132011,13715,0.690616
3133,3133015,22085,1.112085
3134,3134011,34632,1.743886
3135,3135008,46507,2.341849
3136,3136012,53405,2.689196
3137,3137010,52524,2.644834
3138,3138009,44170,2.224170
3139,3139013,31415,1.581895
3140,3140010,19492,0.981515
3141,3141014,12659,0.637441
3142,3142010,13523,0.680948
3143,3143014,21861,1.100806
3144,3144010,34696,1.747109
3145,3145008,46731,2.353129
3146,3146013,53581,2.698059
3147,3147010,52572,2.647251
3148,3148014,44218,2.226587
3149,3149010,31655,1.593980
3150,3150014,19604,0.987155
3151,3151010,12771,0.643081
3152,3152014,13795,0.694644
3153,3153013,22053,1.110474
3154,3154010,34680,1.746303
3155,3155014,46635,2.348295
3156,3156010,53453,2.691614
3157,3157014,52524,2.644834
3158,3158010,44106,2.220948
3159,3159014,31479,1.585118
3160,3160011,19588,0.986349
3161,3161009,12755,0.642275
3162,3162013,13731,0.691421
3163,3163009,21941,1.104834
3164,3164013,34648,1.744692
3165,3165010,46587,2.345878
3166,3166014,53405,2.689196
3167,3167010,52476,2.642417
3168,3168014,43930,2.212085
3169,3169013,31383,1.580284
3170,3170010,19540,0.983932
3171,3171014,12579,0.633413
3172,3172010,13731,0.691421
3173,3173014,22117,1.113696
3174,3174010,34680,1.746303
3175,3175014,46699,2.351518
3176,3176011,53565,2.697253
3177,3177009,52636,2.650474
3178,3178008,44234,2.227393
3179,3179012,31607,1.591563
3180,3180008,19652,0.989572
3181,3181012,12723,0.640664
3182,3182009,13699,0.689810
3183,3183013,22085,1.112085
3184,3184009,34696,1.747109
3185,3185008,46651,2.349100
3186,3186015,53581,2.698059
3187,3187012,52620,2.649668
3188,3188008,44234,2.227393
3189,3189012,31607,1.591563
3190,3190009,19620,0.987961
3191,3191013,12787,0.643886
3192,3192009,13683,0.689004
3193,3193009,22005,1.108057
3194,3194014,34632,1.743886
3195,3195011,46587,2.345878
3196,3196014,53453,2.691614
3197,3197011,52508,2.644028
3198,3198015,44090,2.220142
3199,3199011,31591,1.590758
3200,3200008,19652,0.989572
3201,3201008,12531,0.630996
3202,3202013,13491,0.679336
3203,3203010,21829,1.099194
3204,3204014,34744,1.749526
3205,3205010,46475,2.340238
3206,3206014,53405,2.689196
3207,3207010,52572,2.647251
3208,3208014,44234,2.227393
3209,3209015,31591,1.590758
3210,3210012,19572,0.985544
3211,3211009,12803,0.644692
3212,3212013,13715,0.690616
3213,3213009,22053,1.110474
3214,3214013,34792,1.751943
3215,3215010,46635,2.348295
3216,3216014,53373,2.687585
3217,3217013,52396,2.638389
3218,3218011,44026,2.216919
3219,3219015,31351,1.578672
3220,3220011,19428,0.978292
3221,3221008,12723,0.640664
3222,3222012,13683,0.689004
3223,3223008,21973,1.106445
3224,3224012,34536,1.739052
3225,3225013,46603,2.346684
3226,3226009,53565,2.697253
3227,3227013,52620,2.649668
3228,3228010,44282,2.229810
3229,3229014,31623,1.592369
3230,3230010,19604,0.987155
3231,3231014,12803,0.644692
3232,3232010,13731,0.691421
3233,3233010,22069,1.111280
3234,3234014,34728,1.748720
3235,3235011,46523,2.342655
3236,3236015,53389,2.688391
3237,3237011,52476,2.642417
3238,3238008,44154,2.223364
3239,3239012,31527,1.587535
3240,3240008,19556,0.984738
3241,3241008,12739,0.641469
3242,3242014,13667,0.688199
3243,3243011,22005,1.108057
3244,3244015,34616,1.743081
3245,3245011,46619,2.347489
3246,3246015,53389,2.688391
3247,3247011,52556,2.646445
3248,3248008,44186,2.224976
3249,3249009,31575,1.589952
3250,3250013,19540,0.983932
3251,3251010,12739,0.641469
3252,3252014,13699,0.689810
3253,3253010,21957,1.105640
3254,3254014,34552,1.739858
3255,3255011,46443,2.338627
3256,3256015,53501,2.694030
3257,3257008,52540,2.645640
3258,3258012,44234,2.227393
3259,3259009,31607,1.591563
3260,3260013,19588,0.986349
3261,3261009,12787,0.643886
3262,3262013,13699,0.689810
3263,3263009,22021,1.108862
3264,3264013,34504,1.737441
3265,3265008,46427,2.337821
3266,3266013,53357,2.686780
3267,3267009,52348,2.635972
3268,3268013,44042,2.217725
3269,3269010,31463,1.584312
3270,3270014,19412,0.977487
3271,3271010,12547,0.631801
3272,3272014,13603,0.684976
3273,3273014,22165,1.116114
3274,3274011,34792,1.751943
3275,3275008,46651,2.349100
3276,3276012,53469,2.692419
3277,3277008,52540,2.645640
3278,3278012,44058,2.218530
3279,3279009,31655,1.593980
3280,3280013,19348,0.974264
3281,3281014,12579,0.633413
3282,3282011,13715,0.690616
3283,3283015,22133,1.114502
3284,3284011,34664,1.745498
3285,3285008,46603,2.346684
3286,3286012,53437,2.690808
3287,3287008,52508,2.644028
3288,3288012,44186,2.224976
3289,3289014,31623,1.592369
3290,3290011,19636,0.988766
3291,3291015,12787,0.643886
3292,3292011,13715,0.690616
3293,3293008,22037,1.109668
3294,3294012,34648,1.744692
3295,3295008,46571,2.345072
3296,3296012,53437,2.690808
3297,3297014,52508,2.644028
3298,3298011,44186,2.224976
3299,3299015,31543,1.588340
3300,3300011,19604,0.987155
3301,3301008,12835,0.646303
3302,3302012,13715,0.690616
3303,3303008,22037,1.109668
3304,3304012,34824,1.753555
3305,3305008,46603,2.346684
3306,3306015,53485,2.693225
3307,3307011,52476,2.642417
3308,3308015,44090,2.220142
3309,3309011,31559,1.589146
3310,3310008,19604,0.987155
3311,3311012,12819,0.645498
3312,3312008,13667,0.688199
3313,3313013,22037,1.109668
3314,3314011,34648,1.744692
3315,3315015,46651,2.349100
3316,3316011,53405,2.689196
3317,3317008,52460,2.641611
3318,3318012,44010,2.216114
3319,3319008,31511,1.586729
3320,3320012,19396,0.976681
3321,3321015,12803,0.644692
3322,3322012,13715,0.690616
3323,3323009,22037,1.109668
3324,3324013,34696,1.747109
3325,3325009,46635,2.348295
3326,3326013,53485,2.693225
3327,3327009,52524,2.644834
3328,3328013,44138,2.222559
3329,3329009,31719,1.597203
3330,3330014,19652,0.989572
3331,3331010,12835,0.646303
3332,3332014,13731,0.691421
3333,3333011,22085,1.112085
3334,3334015,34728,1.748720
3335,3335011,46683,2.350712
3336,3336015,53549,2.696448
3337,3337012,52460,2.641611
3338,3338010,44234,2.227393
3339,3339014,31575,1.589952
3340,3340010,19572,0.985544
3341,3341014,12707,0.639858
3342,3342011,13699,0.689810
3343,3343015,22085,1.112085
3344,3344011,34696,1.747109
3345,3345008,46571,2.345072
3346,3346013,53453,2.691614
3347,3347009,52460,2.641611
3348,3348013,44122,2.221753
3349,3349009,31575,1.589952
3350,3350013,19556,0.984738
3351,3351010,12723,0.640664
3352,3352014,13683,0.689004
3353,3353009,21893,1.102417
3354,3354014,34568,1.740664
3355,3355010,46411,2.337015
3356,3356014,53277,2.682751
3357,3357010,52444,2.640806
3358,3358014,44234,2.227393
3359,3359011,31399,1.581090
3360,3360015,19572,0.985544
3361,3361013,12579,0.633413
3362,3362010,13747,0.692227
3363,3363014,22069,1.111280
3364,3364010,34616,1.743081
3365,3365014,46731,2.353129
3366,3366011,53421,2.690002
3367,3367015,52380,2.637583
3368,3368011,44090,2.220142
3369,3369009,31591,1.590758
3370,3370015,19364,0.975070
3371,3371011,12691,0.639052
3372,3372015,13667,0.688199
3373,3373011,21989,1.107251
3374,3374008,34504,1.737441
3375,3375012,46507,2.341849
3376,3376008,53341,2.685974
3377,3377014,52460,2.641611
3378,3378011,43994,2.215308
3379,3379015,31479,1.585118
3380,3380011,19556,0.984738
3381,3381015,12723,0.640664
3382,3382011,13651,0.687393
3383,3383008,21989,1.107251
3384,3384012,34712,1.747915
3385,3385010,46635,2.348295
3386,3386009,53421,2.690002
3387,3387013,52476,2.642417
3388,3388009,44138,2.222559
3389,3389013,31559,1.589146
3390,3390009,19572,0.985544
3391,3391013,12739,0.641469
3392,3392010,13667,0.688199
3393,3393008,22005,1.108057
3394,3394012,34616,1.743081
3395,3395009,46603,2.346684
3396,3396013,53453,2.691614
3397,3397009,52476,2.642417
3398,3398013,44250,2.228198
3399,3399010,31575,1.589952
3400,3400014,19556,0.984738
3401,3401012,12755,0.642275
3402,3402010,13699,0.689810
3403,3403014,22053,1.110474
3404,3404010,34584,1.741469
3405,3405014,46587,2.345878
3406,3406011,53389,2.688391
3407,3407015,52524,2.644834
3408,3408011,44106,2.220948
3409,3409009,31559,1.589146
3410,3410014,19556,0.984738
3411,3411010,12723,0.640664
3412,3412014,13699,0.689810
3413,3413011,22021,1.108862
3414,3414015,34760,1.750332
3415,3415011,46523,2.342655
3416,3416015,53405,2.689196
3417,3417014,52492,2.643222
3418,3418013,43962,2.213696
3419,3419011,31559,1.589146
3420,3420015,19620,0.987961
3421,3421011,12803,0.644692
3422,3422015,13683,0.689004
3423,3423011,21989,1.107251
3424,3424008,34568,1.740664
3425,3425014,46683,2.350712
3426,3426012,53341,2.685974
3427,3427008,52476,2.642417
3428,3428012,44138,2.222559
3429,3429009,31591,1.590758
3430,3430013,19524,0.983127
3431,3431009,12739,0.641469
3432,3432013,13603,0.684976
3433,3433012,22069,1.111280
3434,3434010,34536,1.739052
3435,3435014,46539,2.343460
3436,3436010,53389,2.688391
3437,3437014,52492,2.643222
3438,3438011,44042,2.217725
3439,3439015,31495,1.585924
3440,3440011,19412,0.977487
3441,3441011,12675,0.638247
3442,3442009,13603,0.684976
3443,3443013,22037,1.109668
3444,3444009,34520,1.738247
3445,3445013,46539,2.343460
3446,3446009,53501,2.694030
3447,3447013,52508,2.644028
3448,3448010,44202,2.225782
3449,3449010,31367,1.579478
3450,3450009,19412,0.977487
3451,3451013,12547,0.631801
3452,3452009,13683,0.689004
3453,3453013,22101,1.112891
3454,3454010,34584,1.741469
3455,3455014,46667,2.349906
3456,3456010,53485,2.693225
3457,3457010,52604,2.648862
3458,3458015,44186,2.224976
3459,3459012,31559,1.589146
3460,3460008,19652,0.989572
3461,3461012,12595,0.634218
3462,3462008,13523,0.680948
3463,3463012,21861,1.100806
3464,3464009,34536,1.739052
3465,3465009,46427,2.337821
3466,3466013,53469,2.692419
3467,3467010,52524,2.644834
3468,3468014,44026,2.216919
3469,3469010,31655,1.593980
3470,3470014,19604,0.987155
3471,3471011,12739,0.641469
3472,3472015,13763,0.693033
3473,3473008,22069,1.111280
3474,3474014,34680,1.746303
3475,3475011,46603,2.346684
3476,3476015,53469,2.692419
3477,3477011,52412,2.639194
3478,3478008,44074,2.219336
3479,3479012,31511,1.586729
3480,3480008,19620,0.987961
3481,3481009,12787,0.643886
3482,3482014,13699,0.689810
3483,3483011,22021,1.108862
3484,3484015,34616,1.743081
3485,3485011,46587,2.345878
3486,3486015,53325,2.685168
3487,3487011,52428,2.640000
3488,3488008,44234,2.227393
3489,3489008,31687,1.595592
3490,3490014,19620,0.987961
3491,3491011,12739,0.641469
3492,3492014,13747,0.692227
3493,3493011,22069,1.111280
3494,3494015,34760,1.750332
3495,3495011,46683,2.350712
3496,3496015,53501,2.694030
3497,3497010,52636,2.650474
3498,3498014,44202,2.225782
3499,3499011,31591,1.590758
3500,3500015,19540,0.983932
3501,3501011,12787,0.643886
3502,3502015,13715,0.690616
3503,3503011,22037,1.109668
3504,3504008,34568,1.740664
3505,3505010,46587,2.345878
3506,3506014,53405,2.689196
3507,3507010,52444,2.640806
3508,3508014,44138,2.222559
3509,3509010,31607,1.591563
3510,3510014,19540,0.983932
3511,3511011,12771,0.643081
3512,3512015,13747,0.692227
3513,3513009,22053,1.110474
3514,3514014,34664,1.745498
3515,3515010,46587,2.345878
3516,3516014,53389,2.688391
3517,3517011,52396,2.638389
3518,3518015,44042,2.217725
3519,3519011,31479,1.585118
3520,3520015,19524,0.983127
3521,3521010,12707,0.639858
3522,3522008,13491,0.679336
3523,3523012,21893,1.102417
3524,3524009,34552,1.739858
3525,3525013,46475,2.340238
3526,3526009,53325,2.685168
3527,3527013,52620,2.649668
3528,3528009,44234,2.227393
3529,3529012,31623,1.592369
3530,3530010,19652,0.989572
3531,3531014,12739,0.641469
3532,3532010,13715,0.690616
3533,3533014,22085,1.112085
3534,3534010,34696,1.747109
3535,3535014,46779,2.355546
3536,3536011,53549,2.696448
3537,3537014,52508,2.644028
3538,3538010,44250,2.228198
3539,3539014,31623,1.592369
3540,3540011,19524,0.983127
3541,3541015,12803,0.644692
3542,3542011,13731,0.691421
3543,3543015,22165,1.116114
3544,3544011,34680,1.746303
3545,3545008,46699,2.351518
3546,3546014,53533,2.695642
3547,3547010,52588,2.648057
3548,3548014,44186,2.224976
3549,3549010,31607,1.591563
3550,3550014,19540,0.983932
3551,3551011,12755,0.642275
3552,3552015,13699,0.689810
3553,3553012,22149,1.115308
3554,3554009,34568,1.740664
3555,3555013,46571,2.345072
3556,3556010,53389,2.688391
3557,3557014,52460,2.641611
3558,3558010,44090,2.220142
3559,3559014,31447,1.583506
3560,3560010,19572,0.985544
3561,3561014,12595,0.634218
3562,3562012,13571,0.683365
3563,3563009,21701,1.092749
3564,3564013,34472,1.735830
3565,3565009,46571,2.345072
3566,3566013,53293,2.683557
3567,3567010,52652,2.651280
3568,3568014,44202,2.225782
3569,3569011,31591,1.590758
3570,3570008,19524,0.983127
3571,3571012,12787,0.643886
3572,3572009,13715,0.690616
3573,3573013,22101,1.112891
3574,3574009,34664,1.745498
3575,3575013,46747,2.353934
3576,3576009,53469,2.692419
3577,3577013,52572,2.647251
3578,3578010,44186,2.224976
3579,3579014,31527,1.587535
3580,3580010,19620,0.987961
3581,3581014,12787,0.643886
3582,3582011,13699,0.689810
3583,3583015,22149,1.115308
3584,3584011,34728,1.748720
3585,3585008,46651,2.349100
3586,3586012,53325,2.685168
3587,3587009,52396,2.638389
3588,3588013,43962,2.213696
3589,3589009,31511,1.586729
3590,3590013,19412,0.977487
3591,3591010,12579,0.633413
3592,3592014,13571,0.683365
3593,3593011,21957,1.105640
3594,3594009,34680,1.746303
3595,3595013,46731,2.353129
3596,3596010,53533,2.695642
3597,3597014,52620,2.649668
3598,3598010,44298,2.230616
3599,3599014,31543,1.588340
3600,3600010,19636,0.988766
3601,3601008,12627,0.635830
3602,3602013,13587,0.684170
3603,3603009,21877,1.101611
3604,3604013,34520,1.738247
3605,3605009,46667,2.349906
3606,3606013,53549,2.696448
3607,3607010,52668,2.652085
3608,3608014,44170,2.224170
3609,3609011,31607,1.591563
3610,3610008,19604,0.987155
3611,3611012,12803,0.644692
3612,3612009,13683,0.689004
3613,3613013,22053,1.110474
3614,3614009,34568,1.740664
3615,3615013,46571,2.345072
3616,3616009,53341,2.685974
3617,3617009,52540,2.645640
3618,3618014,44122,2.221753
3619,3619011,31511,1.586729
3620,3620014,19396,0.976681
3621,3621011,12771,0.643081
3622,3622015,13667,0.688199
3623,3623011,22005,1.108057
3624,3624008,34632,1.743886
3625,3625013,46603,2.346684
3626,3626010,53357,2.686780
3627,3627014,52460,2.641611
3628,3628010,44154,2.223364
3629,3629014,31527,1.587535
3630,3630011,19556,0.984738
3631,3631015,12723,0.640664
3632,3632011,13715,0.690616
3633,3633010,22037,1.109668
3634,3634015,34664,1.745498
3635,3635011,46587,2.345878
3636,3636008,53389,2.688391
3637,3637012,52556,2.646445
3638,3638008,44138,2.222559
3639,3639012,31543,1.588340
3640,3640008,19572,0.985544
3641,3641014,12723,0.640664
3642,3642012,13587,0.684170
3643,3643008,21925,1.104028
3644,3644012,34600,1.742275
3645,3645008,46507,2.341849
3646,3646012,53357,2.686780
3647,3647009,52460,2.641611
3648,3648013,44138,2.222559
3649,3649013,31575,1.589952
3650,3650011,19524,0.983127
3651,3651015,12691,0.639052
3652,3652011,13523,0.680948
3653,3653015,21893,1.102417
3654,3654011,34728,1.748720
3655,3655008,46603,2.346684
3656,3656012,53517,2.694836
3657,3657012,52636,2.650474
3658,3658009,44250,2.228198
3659,3659013,31527,1.587535
3660,3660010,19604,0.987155
3661,3661014,12787,0.643886
3662,3662010,13715,0.690616
3663,3663014,22101,1.112891
3664,3664010,34552,1.739858
3665,3665010,46635,2.348295
3666,3666009,53453,2.691614
3667,3667013,52524,2.644834
3668,3668009,44266,2.229004
3669,3669013,31607,1.591563
3670,3670009,19620,0.987961
3671,3671013,12771,0.643081
3672,3672010,13683,0.689004
3673,3673009,21797,1.097583
3674,3674014,34648,1.744692
3675,3675011,46603,2.346684
3676,3676015,53517,2.694836
3677,3677011,52492,2.643222
3678,3678015,44106,2.220948
3679,3679011,31495,1.585924
3680,3680008,19508,0.982321
3681,3681015,12771,0.643081
3682,3682013,13555,0.682559
3683,3683009,21973,1.106445
3684,3684013,34584,1.741469
3685,3685010,46443,2.338627
3686,3686014,53277,2.682751
3687,3687010,52588,2.648057
3688,3688014,44138,2.222559
3689,3689015,31495,1.585924
3690,3690013,19460,0.979904
3691,3691009,12579,0.633413
3692,3692013,13619,0.685782
3693,3693009,21941,1.104834
3694,3694013,34616,1.743081
3695,3695010,46539,2.343460
3696,3696014,53389,2.688391
3697,3697014,52556,2.646445
3698,3698011,44106,2.220948
3699,3699015,31495,1.585924
3700,3700011,19540,0.983932
3701,3701008,12755,0.642275
3702,3702012,13603,0.684976
3703,3703008,21989,1.107251
3704,3704012,34664,1.745498
3705,3705014,46571,2.345072
3706,3706011,53421,2.690002
3707,3707015,52460,2.641611
3708,3708011,44026,2.216919
3709,3709015,31399,1.581090
3710,3710011,19492,0.981515
3711,3711008,12787,0.643886
3712,3712012,13763,0.693033
3713,3713014,22101,1.112891
3714,3714011,34664,1.745498
3715,3715014,46683,2.350712
3716,3716011,53501,2.694030
3717,3717015,52588,2.648057
3718,3718011,44202,2.225782
3719,3719015,31383,1.580284
3720,3720011,19636,0.988766
3721,3721013,12819,0.645498
3722,3722012,13651,0.687393
3723,3723008,21925,1.104028
3724,3724012,34744,1.749526
3725,3725008,46667,2.349906
3726,3726012,53533,2.695642
3727,3727009,52588,2.648057
3728,3728013,44170,2.224170
3729,3729013,31575,1.589952
3730,3730011,19588,0.986349
3731,3731015,12755,0.642275
3732,3732011,13683,0.689004
3733,3733008,22037,1.109668
3734,3734012,34648,1.744692
3735,3735008,46571,2.345072
3736,3736012,53421,2.690002
3737,3737013,52476,2.642417
3738,3738012,44106,2.220948
3739,3739010,31559,1.589146
3740,3740014,19556,0.984738
3741,3741011,12771,0.643081
3742,3742015,13667,0.688199
3743,3743011,22005,1.108057
3744,3744015,34600,1.742275
3745,3745009,46475,2.340238
3746,3746015,53341,2.685974
3747,3747011,52444,2.640806
3748,3748008,44010,2.216114
3749,3749012,31511,1.586729
3750,3750008,19636,0.988766
3751,3751012,12771,0.643081
3752,3752008,13459,0.677725
3753,3753010,21845,1.100000
3754,3754014,34536,1.739052
3755,3755011,46491,2.341044
3756,3756015,53549,2.696448
3757,3757011,52700,2.653696
3758,3758015,44218,2.226587
3759,3759011,31527,1.587535
3760,3760008,19668,0.990378
3761,3761012,12755,0.642275
3762,3762009,13683,0.689004
3763,3763013,22085,1.112085
3764,3764009,34648,1.744692
3765,3765013,46683,2.350712
3766,3766010,53517,2.694836
3767,3767014,52540,2.645640
3768,3768010,44218,2.226587
3769,3769013,31575,1.589952
3770,3770010,19620,0.987961
3771,3771013,12787,0.643886
3772,3772010,13715,0.690616
3773,3773014,22085,1.112085
3774,3774010,34568,1.740664
3775,3775014,46571,2.345072
3776,3776010,53405,2.689196
3777,3777015,52444,2.640806
3778,3778012,44122,2.221753
3779,3779008,31527,1.587535
3780,3780012,19556,0.984738
3781,3781009,12755,0.642275
3782,3782013,13667,0.688199
3783,3783009,21973,1.106445
3784,3784013,34536,1.739052
3785,3785009,46443,2.338627
3786,3786014,53357,2.686780
3787,3787010,52460,2.641611
3788,3788014,44106,2.220948
3789,3789011,31655,1.593980
3790,3790015,19476,0.980709
3791,3791011,12627,0.635830
3792,3792015,13523,0.680948
3793,3793012,21893,1.102417
3794,3794009,34696,1.747109
3795,3795013,46507,2.341849
3796,3796009,53517,2.694836
3797,3797013,52636,2.650474
3798,3798010,44234,2.227393
3799,3799014,31511,1.586729
3800,3800010,19556,0.984738
3801,3801014,12755,0.642275
3802,3802011,13683,0.689004
3803,3803015,22021,1.108862
3804,3804011,34600,1.742275
3805,3805008,46539,2.343460
3806,3806012,53389,2.688391
3807,3807008,52492,2.643222
3808,3808012,44154,2.223364
3809,3809009,31591,1.590758
3810,3810015,19476,0.980709
3811,3811012,12755,0.642275
3812,3812008,13635,0.686587
3813,3813012,21989,1.107251
3814,3814008,34536,1.739052
3815,3815012,46587,2.345878
3816,3816009,53453,2.691614
3817,3817014,52460,2.641611
3818,3818013,44170,2.224170
3819,3819009,31527,1.587535
3820,3820013,19668,0.990378
3821,3821009,12755,0.642275
3822,3822013,13651,0.687393
3823,3823010,21973,1.106445
3824,3824014,34744,1.749526
3825,3825011,46587,2.345878
3826,3826010,53405,2.689196
3827,3827013,52492,2.643222
3828,3828010,43978,2.214502
3829,3829014,31415,1.581895
3830,3830010,19348,0.974264
3831,3831014,12723,0.640664
3832,3832011,13715,0.690616
3833,3833009,22005,1.108057
3834,3834008,34552,1.739858
3835,3835013,46507,2.341849
3836,3836009,53405,2.689196
3837,3837013,52492,2.643222
3838,3838009,44250,2.228198
3839,3839013,31367,1.579478
3840,3840010,19524,0.983127
3841,3841008,12787,0.643886
3842,3842013,13507,0.680142
3843,3843009,22005,1.108057
3844,3844013,34728,1.748720
3845,3845010,46651,2.349100
3846,3846014,53469,2.692419
3847,3847010,52556,2.646445
3848,3848014,44138,2.222559
3849,3849013,31543,1.588340
3850,3850010,19588,0.986349
3851,3851014,12707,0.639858
3852,3852011,13667,0.688199
3853,3853015,21973,1.106445
3854,3854011,34488,1.736635
3855,3855015,46571,2.345072
3856,3856011,53357,2.686780
3857,3857010,52684,2.652891
3858,3858015,44186,2.224976
3859,3859011,31591,1.590758
3860,3860015,19572,0.985544
3861,3861011,12787,0.643886
3862,3862008,13715,0.690616
3863,3863012,22165,1.116114
3864,3864008,34600,1.742275
3865,3865013,46651,2.349100
3866,3866010,53405,2.689196
3867,3867014,52460,2.641611
3868,3868011,44138,2.222559
3869,3869015,31575,1.589952
3870,3870011,19588,0.986349
3871,3871015,12787,0.643886
3872,3872011,13699,0.689810
3873,3873010,22053,1.110474
3874,3874009,34632,1.743886
3875,3875013,46667,2.349906
3876,3876010,53405,2.689196
3877,3877014,52508,2.644028
3878,3878010,44234,2.227393
3879,3879014,31575,1.589952
3880,3880010,19636,0.988766
3881,3881011,12803,0.644692
3882,3882010,13411,0.675308
3883,3883014,21925,1.104028
3884,3884011,34488,1.736635
3885,3885015,46571,2.345072
3886,3886011,53293,2.683557
3887,3887015,52588,2.648057
3888,3888011,44138,2.222559
3889,3889012,31623,1.592369
3890,3890010,19636,0.988766
3891,3891014,12819,0.645498
3892,3892010,13683,0.689004
3893,3893014,22021,1.108862
3894,3894011,34520,1.738247
3895,3895015,46507,2.341849
3896,3896011,53389,2.688391
3897,3897011,52540,2.645640
3898,3898008,44026,2.216919
3899,3899012,31447,1.583506
3900,3900009,19476,0.980709
3901,3901013,12723,0.640664
3902,3902009,13555,0.682559
3903,3903013,21973,1.106445
3904,3904009,34360,1.730190
3905,3905009,46667,2.349906
3906,3906014,53549,2.696448
3907,3907010,52508,2.644028
3908,3908014,44266,2.229004
3909,3909010,31463,1.584312
3910,3910014,19620,0.987961
3911,3911011,12771,0.643081
3912,3912015,13763,0.693033
3913,3913016,22037,1.109668
3914,3914012,34696,1.747109
3915,3915009,46603,2.346684
3916,3916013,53485,2.693225
3917,3917009,52492,2.643222
3918,3918013,44138,2.222559
3919,3919009,31559,1.589146
3920,3920013,19540,0.983932
3921,3921015,12707,0.639858
3922,3922011,13731,0.691421
3923,3923008,21989,1.107251
3924,3924012,34632,1.743886
3925,3925008,46555,2.344266
3926,3926012,53389,2.688391
3927,3927009,52524,2.644834
3928,3928013,44106,2.220948
3929,3929013,31575,1.589952
3930,3930012,19620,0.987961
3931,3931008,12707,0.639858
3932,3932012,13731,0.691421
3933,3933008,22021,1.108862
3934,3934012,34648,1.744692
3935,3935009,46635,2.348295
3936,3936013,53565,2.697253
3937,3937014,52540,2.645640
3938,3938012,44186,2.224976
3939,3939008,31623,1.592369
3940,3940012,19556,0.984738
3941,3941008,12755,0.642275
3942,3942012,13731,0.691421
3943,3943009,21989,1.107251
3944,3944013,34648,1.744692
3945,3945014,46571,2.345072
3946,3946012,53373,2.687585
3947,3947008,52460,2.641611
3948,3948012,44170,2.224170
3949,3949009,31591,1.590758
3950,3950013,19540,0.983932
3951,3951009,12739,0.641469
3952,3952013,13683,0.689004
3953,3953015,22037,1.109668
3954,3954012,34600,1.742275
3955,3955008,46523,2.342655
3956,3956012,53437,2.690808
3957,3957009,52540,2.645640
3958,3958013,44138,2.222559
3959,3959009,31575,1.589952
3960,3960013,19492,0.981515
3961,3961014,12707,0.639858
3962,3962012,13667,0.688199
3963,3963008,22037,1.109668
3964,3964012,34744,1.749526
3965,3965008,46699,2.351518
3966,3966012,53501,2.694030
3967,3967009,52444,2.640806
3968,3968013,44074,2.219336
3969,3969015,31559,1.589146
3970,3970013,19604,0.987155
3971,3971009,12723,0.640664
3972,3972013,13715,0.690616
3973,3973010,22053,1.110474
3974,3974014,34664,1.745498
3975,3975010,46619,2.347489
3976,3976014,53485,2.693225
3977,3977009,52588,2.648057
3978,3978013,44202,2.225782
3979,3979010,31607,1.591563
3980,3980014,19604,0.987155
3981,3981010,12803,0.644692
3982,3982014,13699,0.689810
3983,3983010,21973,1.106445
3984,3984014,34728,1.748720
3985,3985010,46683,2.350712
3986,3986008,53501,2.694030
3987,3987012,52620,2.649668
3988,3988008,44266,2.229004
3989,3989012,31559,1.589146
3990,3990009,19540,0.983932
3991,3991013,12755,0.642275
3992,3992009,13699,0.689810
3993,3993012,22053,1.110474
3994,3994009,34616,1.743081
3995,3995013,46667,2.349906
3996,3996009,53405,2.689196
3997,3997013,52508,2.644028
3998,3998009,44202,2.225782
3999,3999013,31559,1.589146
4000,4000010,19636,0.988766
4001,4001013,12755,0.642275
4002,4002010,13683,0.689004
4003,4003014,22053,1.110474
4004,4004011,34552,1.739858
4005,4005015,46603,2.346684
4006,4006011,53421,2.690002
4007,4007015,52460,2.641611
4008,4008011,43962,2.213696
4009,4009015,31335,1.577867
4010,4010012,19492,0.981515
4011,4011009,12547,0.631801
4012,4012013,13619,0.685782
4013,4013009,22053,1.110474
4014,4014013,34680,1.746303
4015,4015009,46587,2.345878
4016,4016013,53501,2.694030
4017,4017009,52572,2.647251
4018,4018014,44170,2.224170
4019,4019011,31655,1.593980
4020,4020015,19652,0.989572
4021,4021011,12787,0.643886
4022,4022015,13699,0.689810
4023,4023011,22005,1.108057
4024,4024008,34616,1.743081
4025,4025012,46699,2.351518
4026,4026009,53453,2.691614
4027,4027013,52556,2.646445
4028,4028010,44202,2.225782
4029,4029014,31543,1.588340
4030,4030010,19588,0.986349
4031,4031014,12755,0.642275
4032,4032010,13779,0.693838
4033,4033014,22037,1.109668
4034,4034011,34568,1.740664
4035,4035015,46587,2.345878
4036,4036011,53405,2.689196
4037,4037008,52476,2.642417
4038,4038012,44010,2.216114
4039,4039008,31543,1.588340
4040,4040012,19588,0.986349
4041,4041010,12499,0.629384
4042,4042009,13523,0.680948
4043,4043012,21845,1.100000
4044,4044009,34648,1.744692
4045,4045013,46747,2.353934
4046,4046009,53517,2.694836
4047,4047013,52396,2.638389
4048,4048009,44026,2.216919
4049,4049014,31495,1.585924
4050,4050011,19508,0.982321
4051,4051015,12707,0.639858
4052,4052011,13619,0.685782
4053,4053015,22053,1.110474
4054,4054011,34520,1.738247
4055,4055008,46571,2.345072
4056,4056012,53325,2.685168
4057,4057010,52348,2.635972
4058,4058009,44010,2.216114
4059,4059013,31527,1.587535
4060,4060009,19428,0.978292
4061,4061013,12531,0.630996
4062,4062010,13491,0.679336
4063,4063014,21845,1.100000
4064,4064010,34488,1.736635
4065,4065008,46715,2.352323
4066,4066014,53517,2.694836
4067,4067010,52588,2.648057
4068,4068014,44170,2.224170
4069,4069011,31639,1.593175
4070,4070015,19604,0.987155
4071,4071011,12771,0.643081
4072,4072008,13683,0.689004
4073,4073014,22165,1.116114
4074,4074013,34696,1.747109
4075,4075010,46619,2.347489
4076,4076014,53485,2.693225
4077,4077010,52508,2.644028
4078,4078014,44154,2.223364
4079,4079011,31607,1.591563
4080,4080015,19540,0.983932
4081,4081012,12787,0.643886
4082,4082010,13699,0.689810
4083,4083008,21989,1.107251
4084,4084012,34664,1.745498
4085,4085008,46603,2.346684
4086,4086012,53421,2.690002
4087,4087009,52604,2.648862
4088,4088013,44282,2.229810
4089,4089012,31639,1.593175
4090,4090009,19620,0.987961
4091,4091013,12771,0.643081
4092,4092010,13715,0.690616
4093,4093014,22101,1.112891
4094,4094010,34632,1.743886
4095,4095014,46651,2.349100
4096,4096010,53389,2.688391
4097,4097008,52524,2.644834
4098,4098012,44122,2.221753
4099,4099009,31575,1.589952
4100,4100013,19540,0.983932
4101,4101009,12691,0.639052
4102,4102013,13667,0.688199
4103,4103010,21957,1.105640
4104,4104014,34584,1.741469
4105,4105013,46459,2.339432
4106,4106010,53469,2.692419
4107,4107014,52444,2.640806
4108,4108010,44010,2.216114
4109,4109014,31479,1.585118
4110,4110010,19620,0.987961
4111,4111014,12755,0.642275
4112,4112011,13731,0.691421
4113,4113010,22053,1.110474
4114,4114009,34616,1.743081
4115,4115013,46619,2.347489
4116,4116010,53469,2.692419
4117,4117014,52540,2.645640
4118,4118010,44202,2.225782
4119,4119014,31591,1.590758
4120,4120010,19508,0.982321
4121,4121010,12803,0.644692
4122,4122015,13763,0.693033
4123,4123011,22133,1.114502
4124,4124008,34520,1.738247
4125,4125012,46555,2.344266
4126,4126008,53421,2.690002
4127,4127012,52460,2.641611
4128,4128008,44138,2.222559
4129,4129009,31591,1.590758
4130,4130014,19444,0.979098
4131,4131011,12835,0.646303
4132,4132015,13699,0.689810
4133,4133011,22021,1.108862
4134,4134015,34648,1.744692
4135,4135011,46587,2.345878
4136,4136008,53341,2.685974
4137,4137009,52508,2.644028
4138,4138013,44122,2.221753
4139,4139010,31479,1.585118
4140,4140014,19380,0.975875
4141,4141010,12803,0.644692
4142,4142014,13587,0.684170
4143,4143010,21813,1.098389
4144,4144014,34728,1.748720
4145,4145015,46555,2.344266
4146,4146012,53293,2.683557
4147,4147008,52508,2.644028
4148,4148012,44058,2.218530
4149,4149009,31447,1.583506
4150,4150013,19412,0.977487
4151,4151009,12787,0.643886
4152,4152013,13763,0.693033
4153,4153013,22101,1.112891
4154,4154011,34648,1.744692
4155,4155008,46683,2.350712
4156,4156012,53453,2.691614
4157,4157008,52588,2.648057
4158,4158012,44154,2.223364
4159,4159009,31591,1.590758
4160,4160013,19620,0.987961
4161,4161011,12755,0.642275
4162,4162009,13635,0.686587
4163,4163012,22053,1.110474
4164,4164009,34536,1.739052
4165,4165013,46603,2.346684
4166,4166009,53389,2.688391
4167,4167013,52492,2.643222
4168,4168009,44154,2.223364
4169,4169010,31591,1.590758
4170,4170008,19556,0.984738
4171,4171012,12787,0.643886
4172,4172009,13587,0.684170
4173,4173013,21973,1.106445
4174,4174009,34376,1.730996
4175,4175013,46427,2.337821
4176,4176009,53261,2.681946
4177,4177012,52364,2.636777
4178,4178010,44042,2.217725
4179,4179014,31383,1.580284
4180,4180010,19412,0.977487
4181,4181014,12627,0.635830
4182,4182011,13731,0.691421
4183,4183015,22069,1.111280
4184,4184011,34520,1.738247
4185,4185013,46555,2.344266
4186,4186013,53389,2.688391
4187,4187010,52444,2.640806
4188,4188014,44362,2.233838
4189,4189010,31415,1.581895
4190,4190014,19396,0.976681
4191,4191010,12787,0.643886
4192,4192014,13747,0.692227
4193,4193009,22037,1.109668
4194,4194013,34616,1.743081
4195,4195009,46523,2.342655
4196,4196013,53469,2.692419
4197,4197010,52572,2.647251
4198,4198014,44090,2.220142
4199,4199010,31591,1.590758
4200,4200014,19540,0.983932
4201,4201010,12771,0.643081
4202,4202015,13763,0.693033
4203,4203011,22005,1.108057
4204,4204008,34536,1.739052
4205,4205012,46603,2.346684
4206,4206008,53405,2.689196
4207,4207012,52412,2.639194
4208,4208009,44010,2.216114
4209,4209011,31399,1.581090
4210,4210009,19492,0.981515
4211,4211013,12659,0.637441
4212,4212009,13475,0.678531
4213,4213013,21893,1.102417
4214,4214009,34552,1.739858
4215,4215013,46667,2.349906
4216,4216010,53517,2.694836
4217,4217012,52604,2.648862
4218,4218010,44266,2.229004
4219,4219014,31575,1.589952
4220,4220010,19524,0.983127
4221,4221014,12531,0.630996
4222,4222011,13731,0.691421
4223,4223015,22117,1.113696
4224,4224011,34680,1.746303
4225,4225014,46731,2.353129
4226,4226012,53469,2.692419
4227,4227009,52636,2.650474
4228,4228013,44282,2.229810
4229,4229009,31703,1.596397
4230,4230013,19460,0.979904
4231,4231010,12739,0.641469
4232,4232014,13603,0.684976
4233,4233009,21973,1.106445
4234,4234008,34648,1.744692
4235,4235012,46699,2.351518
4236,4236009,53581,2.698059
4237,4237013,52412,2.639194
4238,4238009,44010,2.216114
4239,4239013,31511,1.586729
4240,4240009,19428,0.978292
4241,4241013,12627,0.635830
4242,4242011,13491,0.679336
4243,4243015,21989,1.107251
4244,4244011,34664,1.745498
4245,4245015,46715,2.352323
4246,4246011,53517,2.694836
4247,4247008,52476,2.642417
4248,4248012,44170,2.224170
4249,4249008,31671,1.594786
4250,4250014,19572,0.985544
4251,4251011,12771,0.643081
4252,4252015,13715,0.690616
4253,4253011,22053,1.110474
4254,4254015,34648,1.744692
4255,4255011,46507,2.341849
4256,4256008,53485,2.693225
4257,4257012,52492,2.643222
4258,4258009,44154,2.223364
4259,4259013,31527,1.587535
4260,4260009,19524,0.983127
4261,4261013,12595,0.634218
4262,4262010,13491,0.679336
4263,4263014,22005,1.108057
4264,4264010,34392,1.731801
4265,4265014,46411,2.337015
4266,4266012,53309,2.684362
4267,4267009,52460,2.641611
4268,4268013,44218,2.226587
4269,4269009,31591,1.590758
4270,4270013,19604,0.987155
4271,4271010,12611,0.635024
4272,4272014,13507,0.680142
4273,4273010,21973,1.106445
4274,4274014,34456,1.735024
4275,4275011,46411,2.337015
4276,4276015,53549,2.696448
4277,4277011,52412,2.639194
4278,4278008,44298,2.230616
4279,4279012,31607,1.591563
4280,4280008,19652,0.989572
4281,4281013,12771,0.643081
4282,4282010,13699,0.689810
4283,4283014,22117,1.113696
4284,4284011,34680,1.746303
4285,4285015,46699,2.351518
4286,4286011,53453,2.691614
4287,4287015,52476,2.642417
4288,4288011,44138,2.222559
4289,4289010,31415,1.581895
4290,4290008,19524,0.983127
4291,4291012,12787,0.643886
4292,4292008,13667,0.688199
4293,4293012,22069,1.111280
4294,4294008,34520,1.738247
4295,4295012,46603,2.346684
4296,4296009,53325,2.685168
4297,4297014,52460,2.641611
4298,4298011,44138,2.222559
4299,4299008,31575,1.589952
4300,4300012,19572,0.985544
4301,4301008,12755,0.642275
4302,4302012,13683,0.689004
4303,4303009,21941,1.104834
4304,4304013,34584,1.741469
4305,4305010,46539,2.343460
4306,4306010,53373,2.687585
4307,4307014,52460,2.641611
4308,4308010,44106,2.220948
4309,4309014,31495,1.585924
4310,4310010,19428,0.978292
4311,4311014,12627,0.635830
4312,4312011,13699,0.689810
4313,4313010,22005,1.108057
4314,4314014,34648,1.744692
4315,4315010,46571,2.345072
4316,4316014,53421,2.690002
4317,4317011,52524,2.644834
4318,4318015,44106,2.220948
4319,4319011,31559,1.589146
4320,4320015,19572,0.985544
4321,4321012,12755,0.642275
4322,4322010,13731,0.691421
4323,4323014,22101,1.112891
4324,4324011,34552,1.739858
4325,4325015,46651,2.349100
4326,4326011,53405,2.689196
4327,4327008,52492,2.643222
4328,4328012,44106,2.220948
4329,4329010,31559,1.589146
4330,4330015,19524,0.983127
4331,4331011,12771,0.643081
4332,4332008,13635,0.686587
4333,4333012,22053,1.110474
4334,4334008,34552,1.739858
4335,4335012,46619,2.347489
4336,4336008,53421,2.690002
4337,4337008,52572,2.647251
4338,4338014,44170,2.224170
4339,4339011,31591,1.590758
4340,4340015,19604,0.987155
4341,4341011,12787,0.643886
4342,4342008,13699,0.689810
4343,4343012,22053,1.110474
4344,4344008,34648,1.744692
4345,4345016,46731,2.353129
4346,4346012,53517,2.694836
4347,4347009,52588,2.648057
4348,4348013,44218,2.226587
4349,4349009,31607,1.591563
4350,4350013,19572,0.985544
4351,4351010,12771,0.643081
4352,4352014,13699,0.689810
4353,4353014,22053,1.110474
4354,4354013,34520,1.738247
4355,4355009,46475,2.340238
4356,4356013,53421,2.690002
4357,4357009,52316,2.634360
4358,4358013,44074,2.219336
4359,4359010,31527,1.587535
4360,4360014,19508,0.982321
4361,4361015,12659,0.637441
4362,4362014,13603,0.684976
4363,4363010,22005,1.108057
4364,4364014,34584,1.741469
4365,4365010,46395,2.336210
4366,4366014,53244,2.681089
4367,4367011,52604,2.648862
4368,4368015,44090,2.220142
4369,4369015,31479,1.585118
4370,4370013,19380,0.975875
4371,4371009,12483,0.628579
4372,4372013,13603,0.684976
4373,4373009,22053,1.110474
4374,4374013,34712,1.747915
4375,4375010,46619,2.347489
4376,4376014,53485,2.693225
4377,4377014,52492,2.643222
4378,4378013,44154,2.223364
4379,4379009,31543,1.588340
4380,4380013,19556,0.984738
4381,4381010,12755,0.642275
4382,4382014,13699,0.689810
4383,4383010,22021,1.108862
4384,4384014,34712,1.747915
4385,4385015,46651,2.349100
4386,4386013,53437,2.690808
4387,4387009,52524,2.644834
4388,4388013,44170,2.224170
4389,4389010,31591,1.590758
4390,4390014,19524,0.983127
4391,4391010,12755,0.642275
4392,4392014,13731,0.691421
4393,4393015,22021,1.108862
4394,4394014,34616,1.743081
4395,4395010,46603,2.346684
4396,4396014,53421,2.690002
4397,4397011,52444,2.640806
4398,4398015,44090,2.220142
4399,4399011,31591,1.590758
4400,4400015,19540,0.983932
4401,4401009,12771,0.643081
4402,4402013,13667,0.688199
4403,4403010,21957,1.105640
4404,4404014,34632,1.743886
4405,4405010,46539,2.343460
4406,4406014,53453,2.691614
4407,4407010,52524,2.644834
4408,4408014,44106,2.220948
4409,4409009,31543,1.588340
4410,4410009,19588,0.986349
4411,4411014,12739,0.641469
4412,4412010,13555,0.682559
4413,4413014,22037,1.109668
4414,4414010,34536,1.739052
4415,4415014,46603,2.346684
4416,4416011,53373,2.687585
4417,4417013,52428,2.640000
4418,4418012,44106,2.220948
4419,4419008,31479,1.585118
4420,4420012,19508,0.982321
4421,4421009,12643,0.636635
4422,4422013,13523,0.680948
4423,4423009,21829,1.099194
4424,4424013,34568,1.740664
4425,4425014,46747,2.353934
4426,4426014,53501,2.694030
4427,4427010,52524,2.644834
4428,4428014,44218,2.226587
4429,4429011,31575,1.589952
4430,4430015,19524,0.983127
4431,4431011,12803,0.644692
4432,4432015,13731,0.691421
4433,4433011,22021,1.108862
4434,4434009,34568,1.740664
4435,4435013,46635,2.348295
4436,4436010,53389,2.688391
4437,4437014,52524,2.644834
4438,4438010,44122,2.221753
4439,4439014,31511,1.586729
4440,4440010,19620,0.987961
4441,4441014,12739,0.641469
4442,4442010,13667,0.688199
4443,4443014,22053,1.110474
4444,4444011,34584,1.741469
4445,4445015,46491,2.341044
4446,4446011,53293,2.683557
4447,4447015,52476,2.642417
4448,4448011,44090,2.220142
4449,4449014,31399,1.581090
4450,4450012,19492,0.981515
4451,4451009,12627,0.635830
4452,4452013,13699,0.689810
4453,4453009,21877,1.101611
4454,4454013,34552,1.739858
4455,4455009,46491,2.341044
4456,4456013,53325,2.685168
4457,4457009,52396,2.638389
4458,4458014,44058,2.218530
4459,4459010,31415,1.581895
4460,4460014,19588,0.986349
4461,4461011,12803,0.644692
4462,4462015,13699,0.689810
4463,4463011,22021,1.108862
4464,4464015,34616,1.743081
4465,4465011,46635,2.348295
4466,4466010,53421,2.690002
4467,4467013,52540,2.645640
4468,4468010,44202,2.225782
4469,4469014,31559,1.589146
4470,4470010,19572,0.985544
4471,4471014,12707,0.639858
4472,4472010,13699,0.689810
4473,4473013,22037,1.109668
4474,4474010,34632,1.743886
4475,4475014,46619,2.347489
4476,4476010,53421,2.690002
4477,4477014,52460,2.641611
4478,4478011,44186,2.224976
4479,4479015,31511,1.586729
4480,4480011,19668,0.990378
4481,4481016,12755,0.642275
4482,4482012,13699,0.689810
4483,4483009,21973,1.106445
4484,4484013,34616,1.743081
4485,4485009,46507,2.341849
4486,4486013,53389,2.688391
4487,4487010,52460,2.641611
4488,4488014,44106,2.220948
4489,4489010,31559,1.589146
4490,4490015,19492,0.981515
4491,4491012,12707,0.639858
4492,4492009,13443,0.676919
4493,4493013,21893,1.102417
4494,4494009,34520,1.738247
4495,4495013,46523,2.342655
4496,4496010,53293,2.683557
4497,4497014,52412,2.639194
4498,4498010,43946,2.212891
4499,4499014,31511,1.586729
4500,4500011,19492,0.981515
4501,4501015,12691,0.639052
4502,4502011,13651,0.687393
4503,4503015,22037,1.109668
4504,4504011,34488,1.736635
4505,4505008,46587,2.345878
4506,4506013,53261,2.681946
4507,4507010,52508,2.644028
4508,4508014,44026,2.216919
4509,4509010,31495,1.585924
4510,4510014,19492,0.981515
4511,4511010,12819,0.645498
4512,4512014,13731,0.691421
4513,4513012,22069,1.111280
4514,4514010,34760,1.750332
4515,4515014,46459,2.339432
4516,4516010,53517,2.694836
4517,4517014,52364,2.636777
4518,4518011,44074,2.219336
4519,4519015,31399,1.581090
4520,4520011,19444,0.979098
4521,4521009,12787,0.643886
4522,4522015,13731,0.691421
4523,4523011,22085,1.112085
4524,4524015,34792,1.751943
4525,4525012,46635,2.348295
4526,4526008,53421,2.690002
4527,4527012,52508,2.644028
4528,4528008,44202,2.225782
4529,4529015,31559,1.589146
4530,4530013,19572,0.985544
4531,4531009,12851,0.647109
4532,4532013,13731,0.691421
4533,4533010,22005,1.108057
4534,4534014,34680,1.746303
4535,4535010,46571,2.345072
4536,4536014,53469,2.692419
4537,4537013,52556,2.646445
4538,4538010,44170,2.224170
4539,4539014,31543,1.588340
4540,4540011,19604,0.987155
4541,4541015,12739,0.641469
4542,4542011,13667,0.688199
4543,4543015,22053,1.110474
4544,4544011,34568,1.740664
4545,4545011,46587,2.345878
4546,4546008,53405,2.689196
4547,4547012,52508,2.644028
4548,4548009,44154,2.223364
4549,4549013,31511,1.586729
4550,4550009,19476,0.980709
4551,4551013,12723,0.640664
4552,4552009,13667,0.688199
4553,4553008,21941,1.104834
4554,4554014,34616,1.743081
4555,4555010,46587,2.345878
4556,4556014,53437,2.690808
4557,4557011,52524,2.644834
4558,4558015,44106,2.220948
4559,4559011,31591,1.590758
4560,4560015,19588,0.986349
4561,4561015,12771,0.643081
4562,4562013,13667,0.688199
4563,4563009,22005,1.108057
4564,4564013,34632,1.743886
4565,4565009,46555,2.344266
4566,4566013,53405,2.689196
4567,4567010,52476,2.642417
4568,4568014,44170,2.224170
4569,4569014,31495,1.585924
4570,4570012,19572,0.985544
4571,4571008,12755,0.642275
4572,4572012,13699,0.689810
4573,4573009,21925,1.104028
4574,4574013,34728,1.748720
4575,4575009,46587,2.345878
4576,4576013,53405,2.689196
4577,4577013,52492,2.643222
4578,4578010,44106,2.220948
4579,4579014,31543,1.588340
4580,4580010,19620,0.987961
4581,4581014,12707,0.639858
4582,4582010,13651,0.687393
4583,4583014,21845,1.100000
4584,4584011,34712,1.747915
4585,4585011,46715,2.352323
4586,4586009,53565,2.697253
4587,4587013,52508,2.644028
4588,4588010,44250,2.228198
4589,4589014,31479,1.585118
4590,4590010,19588,0.986349
4591,4591014,12771,0.643081
4592,4592010,13699,0.689810
4593,4593011,22037,1.109668
4594,4594010,34632,1.743886
4595,4595015,46619,2.347489
4596,4596011,53533,2.695642
4597,4597015,52508,2.644028
4598,4598012,44138,2.222559
4599,4599008,31607,1.591563
4600,4600012,19588,0.986349
4601,4601013,12771,0.643081
4602,4602011,13699,0.689810
4603,4603015,22085,1.112085
4604,4604011,34600,1.742275
4605,4605015,46715,2.352323
4606,4606011,53565,2.697253
4607,4607008,52588,2.648057
4608,4608012,44138,2.222559
4609,4609013,31543,1.588340
4610,4610011,19524,0.983127
4611,4611015,12755,0.642275
4612,4612011,13699,0.689810
4613,4613008,21893,1.102417
4614,4614012,34536,1.739052
4615,4615008,46571,2.345072
4616,4616012,53389,2.688391
4617,4617013,52492,2.643222
4618,4618012,44170,2.224170
4619,4619010,31575,1.589952
4620,4620014,19588,0.986349
4621,4621010,12723,0.640664
4622,4622014,13603,0.684976
4623,4623011,22021,1.108862
4624,4624015,34664,1.745498
4625,4625008,46427,2.337821
4626,4626013,53277,2.682751
4627,4627009,52444,2.640806
4628,4628013,44234,2.227393
4629,4629010,31527,1.587535
4630,4630014,19348,0.974264
4631,4631010,12611,0.635024
4632,4632014,13635,0.686587
4633,4633008,21893,1.102417
4634,4634013,34536,1.739052
4635,4635010,46427,2.337821
4636,4636014,53325,2.685168
4637,4637010,52444,2.640806
4638,4638014,44202,2.225782
4639,4639010,31655,1.593980
4640,4640014,19636,0.988766
4641,4641009,12755,0.642275
4642,4642014,13731,0.691421
4643,4643010,22021,1.108862
4644,4644014,34696,1.747109
4645,4645010,46459,2.339432
4646,4646014,53405,2.689196
4647,4647011,52364,2.636777
4648,4648015,44106,2.220948
4649,4649009,31479,1.585118
4650,4650013,19444,0.979098
4651,4651010,12579,0.633413
4652,4652014,13523,0.680948
4653,4653010,21973,1.106445
4654,4654014,34728,1.748720
4655,4655010,46635,2.348295
4656,4656014,53549,2.696448
4657,4657009,52588,2.648057
4658,4658013,44170,2.224170
4659,4659010,31575,1.589952
4660,4660014,19604,0.987155
4661,4661010,12787,0.643886
4662,4662014,13699,0.689810
4663,4663011,22005,1.108057
4664,4664015,34600,1.742275
4665,4665011,46731,2.353129
4666,4666008,53405,2.689196
4667,4667012,52476,2.642417
4668,4668009,44234,2.227393
4669,4669013,31575,1.589952
4670,4670009,19604,0.987155
4671,4671013,12771,0.643081
4672,4672009,13779,0.693838
4673,4673013,21989,1.107251
4674,4674010,34584,1.741469
4675,4675014,46587,2.345878
4676,4676010,53421,2.690002
4677,4677014,52476,2.642417
4678,4678011,44138,2.222559
4679,4679015,31495,1.585924
4680,4680011,19556,0.984738
4681,4681015,12723,0.640664
4682,4682011,13683,0.689004
4683,4683008,21973,1.106445
4684,4684012,34616,1.743081
4685,4685008,46523,2.342655
4686,4686012,53405,2.689196
4687,4687009,52460,2.641611
4688,4688013,44058,2.218530
4689,4689008,31479,1.585118
4690,4690013,19460,0.979904
4691,4691012,12787,0.643886
4692,4692008,13571,0.683365
4693,4693012,21829,1.099194
4694,4694008,34600,1.742275
4695,4695012,46651,2.349100
4696,4696009,53293,2.683557
4697,4697012,52380,2.637583
4698,4698010,44330,2.232227
4699,4699014,31479,1.585118
4700,4700010,19636,0.988766
4701,4701014,12803,0.644692
4702,4702010,13699,0.689810
4703,4703014,22117,1.113696
4704,4704011,34664,1.745498
4705,4705015,46619,2.347489
4706,4706011,53437,2.690808
4707,4707008,52572,2.647251
4708,4708012,44170,2.224170
4709,4709008,31639,1.593175
4710,4710012,19572,0.985544
4711,4711008,12739,0.641469
4712,4712012,13731,0.691421
4713,4713009,22005,1.108057
4714,4714014,34616,1.743081
4715,4715010,46539,2.343460
4716,4716014,53357,2.686780
4717,4717011,52508,2.644028
4718,4718015,44058,2.218530
4719,4719011,31623,1.592369
4720,4720015,19636,0.988766
4721,4721012,12739,0.641469
4722,4722011,13715,0.690616
4723,4723009,22037,1.109668
4724,4724014,34712,1.747915
4725,4725010,46651,2.349100
4726,4726014,53533,2.695642
4727,4727010,52652,2.651280
4728,4728014,44202,2.225782
4729,4729012,31639,1.593175
4730,4730009,19652,0.989572
4731,4731013,12803,0.644692
4732,4732009,13763,0.693033
4733,4733013,22069,1.111280
4734,4734009,34648,1.744692
4735,4735013,46667,2.349906
4736,4736010,53469,2.692419
4737,4737008,52556,2.646445
4738,4738014,44202,2.225782
4739,4739011,31511,1.586729
4740,4740015,19572,0.985544
4741,4741011,12755,0.642275
4742,4742015,13715,0.690616
4743,4743011,22053,1.110474
4744,4744008,34536,1.739052
4745,4745013,46619,2.347489
4746,4746011,53437,2.690808
4747,4747015,52508,2.644028
4748,4748011,44234,2.227393
4749,4749008,31591,1.590758
4750,4750012,19572,0.985544
4751,4751008,12771,0.643081
4752,4752012,13763,0.693033
4753,4753009,22021,1.108862
4754,4754014,34728,1.748720
4755,4755010,46539,2.343460
4756,4756014,53485,2.693225
4757,4757011,52508,2.644028
4758,4758015,44170,2.224170
4759,4759011,31623,1.592369
4760,4760015,19588,0.986349
4761,4761013,12771,0.643081
4762,4762010,13635,0.686587
4763,4763014,21989,1.107251
4764,4764011,34632,1.743886
4765,4765015,46619,2.347489
4766,4766011,53357,2.686780
4767,4767015,52508,2.644028
4768,4768011,44138,2.222559
4769,4769010,31575,1.589952
4770,4770015,19508,0.982321
4771,4771011,12771,0.643081
4772,4772008,13651,0.687393
4773,4773012,22037,1.109668
4774,4774008,34488,1.736635
4775,4775012,46555,2.344266
4776,4776009,53453,2.691614
4777,4777014,52492,2.643222
4778,4778011,44106,2.220948
4779,4779008,31559,1.589146
4780,4780012,19604,0.987155
4781,4781008,12707,0.639858
4782,4782012,13683,0.689004
4783,4783009,21941,1.104834
4784,4784013,34568,1.740664
4785,4785012,46523,2.342655
4786,4786010,53373,2.687585
4787,4787014,52652,2.651280
4788,4788010,44218,2.226587
4789,4789014,31655,1.593980
4790,4790010,19620,0.987961
4791,4791014,12771,0.643081
4792,4792011,13715,0.690616
4793,4793010,22037,1.109668
4794,4794009,34536,1.739052
4795,4795013,46571,2.345072
4796,4796009,53389,2.688391
4797,4797013,52444,2.640806
4798,4798009,44122,2.221753
4799,4799013,31543,1.588340
4800,4800010,19604,0.987155
4801,4801010,12755,0.642275
4802,4802014,13715,0.690616
4803,4803010,21973,1.106445
4804,4804014,34600,1.742275
4805,4805011,46571,2.345072
4806,4806015,53373,2.687585
4807,4807011,52492,2.643222
4808,4808015,44106,2.220948
4809,4809014,31543,1.588340
4810,4810011,19604,0.987155
4811,4811008,12771,0.643081
4812,4812012,13699,0.689810
4813,4813008,21893,1.102417
4814,4814012,34424,1.733413
4815,4815008,46443,2.338627
4816,4816012,53405,2.689196
4817,4817013,52444,2.640806
4818,4818011,44074,2.219336
4819,4819015,31511,1.586729
4820,4820011,19556,0.984738
4821,4821008,12739,0.641469
4822,4822012,13635,0.686587
4823,4823008,21941,1.104834
4824,4824012,34568,1.740664
4825,4825012,46587,2.345878
4826,4826010,53373,2.687585
4827,4827014,52476,2.642417
4828,4828010,44058,2.218530
4829,4829014,31479,1.585118
4830,4830010,19492,0.981515
4831,4831014,12499,0.629384
4832,4832011,13587,0.684170
4833,4833011,21989,1.107251
4834,4834015,34584,1.741469
4835,4835012,46443,2.338627
4836,4836008,53533,2.695642
4837,4837012,52556,2.646445
4838,4838008,44170,2.224170
4839,4839012,31607,1.591563
4840,4840009,19636,0.988766
4841,4841009,12803,0.644692
4842,4842014,13747,0.692227
4843,4843010,22053,1.110474
4844,4844014,34712,1.747915
4845,4845010,46635,2.348295
4846,4846014,53533,2.695642
4847,4847011,52604,2.648862
4848,4848015,44234,2.227393
4849,4849015,31607,1.591563
4850,4850012,19604,0.987155
4851,4851009,12819,0.645498
4852,4852013,13747,0.692227
4853,4853009,22053,1.110474
4854,4854013,34744,1.749526
4855,4855010,46699,2.351518
4856,4856014,53533,2.695642
4857,4857015,52588,2.648057
4858,4858013,44218,2.226587
4859,4859010,31623,1.592369
4860,4860014,19604,0.987155
4861,4861010,12803,0.644692
4862,4862014,13731,0.691421
4863,4863011,22037,1.109668
4864,4864015,34648,1.744692
4865,4865008,46619,2.347489
4866,4866015,53549,2.696448
4867,4867011,52380,2.637583
4868,4868015,44074,2.219336
4869,4869012,31447,1.583506
4870,4870008,19460,0.979904
4871,4871012,12739,0.641469
4872,4872008,13459,0.677725
4873,4873011,21829,1.099194
4874,4874009,34504,1.737441
4875,4875013,46555,2.344266
4876,4876010,53325,2.685168
4877,4877014,52476,2.642417
4878,4878010,44042,2.217725
4879,4879014,31527,1.587535
4880,4880010,19428,0.978292
4881,4881012,12643,0.636635
4882,4882009,13491,0.679336
4883,4883013,21861,1.100806
4884,4884010,34712,1.747915
4885,4885014,46459,2.339432
4886,4886010,53549,2.696448
4887,4887014,52588,2.648057
4888,4888010,44266,2.229004
4889,4889013,31527,1.587535
4890,4890011,19620,0.987961
4891,4891015,12691,0.639052
4892,4892011,13731,0.691421
4893,4893008,21813,1.098389
4894,4894012,34488,1.736635
4895,4895008,46651,2.349100
4896,4896012,53501,2.694030
4897,4897015,52428,2.640000
4898,4898012,44122,2.221753
4899,4899008,31687,1.595592
4900,4900012,19636,0.988766
4901,4901008,12803,0.644692
4902,4902012,13523,0.680948
4903,4903009,22005,1.108057
4904,4904013,34648,1.744692
4905,4905015,46555,2.344266
4906,4906012,53293,2.683557
4907,4907008,52588,2.648057
4908,4908012,44282,2.229810
4909,4909009,31671,1.594786
4910,4910013,19524,0.983127
4911,4911009,12851,0.647109
4912,4912013,13731,0.691421
4913,4913009,22101,1.112891
4914,4914008,34616,1.743081
4915,4915012,46587,2.345878
4916,4916009,53453,2.691614
4917,4917013,52572,2.647251
4918,4918009,44138,2.222559
4919,4919013,31559,1.589146
4920,4920010,19636,0.988766
4921,4921012,12739,0.641469
4922,4922010,13635,0.686587
4923,4923014,21989,1.107251
4924,4924010,34632,1.743886
4925,4925014,46571,2.345072
4926,4926011,53357,2.686780
4927,4927015,52380,2.637583
4928,4928011,44154,2.223364
4929,4929008,31623,1.592369
4930,4930008,19668,0.990378
4931,4931012,12723,0.640664
4932,4932008,13747,0.692227
4933,4933012,22085,1.112085
4934,4934009,34568,1.740664
4935,4935013,46651,2.349100
4936,4936009,53469,2.692419
4937,4937013,52492,2.643222
4938,4938011,44186,2.224976
4939,4939015,31527,1.587535
4940,4940011,19604,0.987155
4941,4941008,12755,0.642275
4942,4942012,13683,0.689004
4943,4943008,21941,1.104834
4944,4944012,34584,1.741469
4945,4945009,46523,2.342655
4946,4946013,53437,2.690808
4947,4947010,52492,2.643222
4948,4948014,44090,2.220142
4949,4949010,31639,1.593175
4950,4950014,19572,0.985544
4951,4951010,12691,0.639052
4952,4952014,13731,0.691421
4953,4953011,22021,1.108862
4954,4954008,34552,1.739858
4955,4955012,46555,2.344266
4956,4956008,53405,2.689196
4957,4957012,52476,2.642417
4958,4958009,44186,2.224976
4959,4959013,31527,1.587535
4960,4960009,19620,0.987961
4961,4961014,12723,0.640664
4962,4962012,13667,0.688199
4963,4963010,21989,1.107251
4964,4964015,34664,1.745498
4965,4965012,46587,2.345878
4966,4966008,53405,2.689196
4967,4967012,52508,2.644028
4968,4968008,44122,2.221753
4969,4969014,31351,1.578672
4970,4970012,19412,0.977487
4971,4971009,12803,0.644692
4972,4972013,13699,0.689810
4973,4973009,22005,1.108057
4974,4974013,34696,1.747109
4975,4975009,46555,2.344266
4976,4976013,53357,2.686780
4977,4977010,52508,2.644028
4978,4978014,44122,2.221753
4979,4979011,31543,1.588340
4980,4980015,19556,0.984738
4981,4981011,12755,0.642275
4982,4982008,13667,0.688199
4983,4983012,22037,1.109668
4984,4984008,34616,1.743081
4985,4985013,46587,2.345878
4986,4986010,53341,2.685974
4987,4987014,52524,2.644834
4988,4988010,44250,2.228198
4989,4989014,31543,1.588340
4990,4990011,19556,0.984738
4991,4991015,12723,0.640664
4992,4992011,13715,0.690616
4993,4993009,22005,1.108057
4994,4994015,34664,1.745498
4995,4995011,46539,2.343460
4996,4996015,53453,2.691614
4997,4997011,52460,2.641611
4998,4998008,44170,2.224170
4999,4999012,31591,1.590758
5000,5000008,19492,0.981515
5001,5001014,12547,0.631801
5002,5002011,13651,0.687393
5003,5003015,22021,1.108862
5004,5004011,34392,1.731801
5005,5005008,46411,2.337015
5006,5006012,53309,2.684362
5007,5007008,52620,2.649668
5008,5008012,44186,2.224976
5009,5009011,31655,1.593980
5010,5010008,19684,0.991183
5011,5011012,12819,0.645498
5012,5012008,13699,0.689810
5013,5013012,22053,1.110474
5014,5014009,34552,1.739858
5015,5015013,46635,2.348295
5016,5016009,53453,2.691614
5017,5017015,52476,2.642417
5018,5018012,44202,2.225782
5019,5019009,31639,1.593175
5020,5020013,19620,0.987961
5021,5021009,12803,0.644692
5022,5022013,13715,0.690616
5023,5023010,21989,1.107251
5024,5024014,34632,1.743886
5025,5025012,46523,2.342655
5026,5026010,53389,2.688391
5027,5027014,52444,2.640806
5028,5028010,44154,2.223364
5029,5029014,31543,1.588340
5030,5030011,19540,0.983932
5031,5031015,12691,0.639052
5032,5032011,13571,0.683365
5033,5033011,21989,1.107251
5034,5034009,34552,1.739858
5035,5035013,46587,2.345878
5036,5036009,53405,2.689196
5037,5037013,52332,2.635166
5038,5038009,44138,2.222559
5039,5039013,31559,1.589146
5040,5040010,19572,0.985544
5041,5041009,12755,0.642275
5042,5042015,13667,0.688199
5043,5043013,22021,1.108862
5044,5044010,34568,1.740664
5045,5045014,46539,2.343460
5046,5046010,53389,2.688391
5047,5047014,52460,2.641611
5048,5048010,44122,2.221753
5049,5049010,31527,1.587535
5050,5050009,19604,0.987155
5051,5051013,12723,0.640664
5052,5052009,13523,0.680948
5053,5053013,21861,1.100806
5054,5054009,34600,1.742275
5055,5055013,46619,2.347489
5056,5056010,53421,2.690002
5057,5057009,52524,2.644834
5058,5058014,44106,2.220948
5059,5059010,31575,1.589952
5060,5060014,19556,0.984738
5061,5061011,12723,0.640664
5062,5062015,13667,0.688199
5063,5063011,21877,1.101611
5064,5064015,34600,1.742275
5065,5065015,46571,2.345072
5066,5066013,53373,2.687585
5067,5067009,52492,2.643222
5068,5068013,44074,2.219336
5069,5069010,31415,1.581895
5070,5070014,19396,0.976681
5071,5071010,12803,0.644692
5072,5072014,13747,0.692227
5073,5073015,22005,1.108057
5074,5074014,34696,1.747109
5075,5075011,46683,2.350712
5076,5076008,53565,2.697253
5077,5077012,52604,2.648862
5078,5078008,44394,2.235450
5079,5079012,31623,1.592369
5080,5080009,19684,0.991183
5081,5081010,12675,0.638247
5082,5082015,13523,0.680948
5083,5083011,21813,1.098389
5084,5084008,34648,1.744692
5085,5085012,46699,2.351518
5086,5086008,53517,2.694836
5087,5087012,52556,2.646445
5088,5088009,44250,2.228198
5089,5089010,31607,1.591563
5090,5090009,19604,0.987155
5091,5091013,12787,0.643886
5092,5092010,13715,0.690616
5093,5093014,22037,1.109668
5094,5094010,34536,1.739052
5095,5095014,46635,2.348295
5096,5096010,53453,2.691614
5097,5097012,52748,2.656113
5098,5098010,44170,2.224170
5099,5099014,31511,1.586729
5100,5100010,19604,0.987155
5101,5101014,12771,0.643081
5102,5102010,13651,0.687393
5103,5103014,22053,1.110474
5104,5104011,34568,1.740664
5105,5105013,46635,2.348295
5106,5106012,53437,2.690808
5107,5107008,52556,2.646445
5108,5108012,44138,2.222559
5109,5109009,31575,1.589952
5110,5110013,19604,0.987155
5111,5111009,12787,0.643886
5112,5112013,13731,0.691421
5113,5113008,22165,1.116114
5114,5114014,34664,1.745498
5115,5115010,46667,2.349906
5116,5116014,53533,2.695642
5117,5117010,52556,2.646445
5118,5118014,44202,2.225782
5119,5119011,31639,1.593175
5120,5120015,19588,0.986349
5121,5121010,12803,0.644692
5122,5122009,13635,0.686587
5123,5123014,22069,1.111280
5124,5124010,34600,1.742275
5125,5125014,46619,2.347489
5126,5126010,53437,2.690808
5127,5127014,52492,2.643222
5128,5128011,44202,2.225782
5129,5129013,31591,1.590758
5130,5130011,19604,0.987155
5131,5131015,12771,0.643081
5132,5132011,13699,0.689810
5133,5133008,22037,1.109668
5134,5134012,34616,1.743081
5135,5135008,46539,2.343460
5136,5136012,53437,2.690808
5137,5137015,52508,2.644028
5138,5138012,44122,2.221753
5139,5139009,31703,1.596397
5140,5140013,19604,0.987155
5141,5141009,12771,0.643081
5142,5142013,13699,0.689810
5143,5143009,22005,1.108057
5144,5144013,34600,1.742275
5145,5145008,46523,2.342655
5146,5146013,53389,2.688391
5147,5147009,52508,2.644028
5148,5148013,44170,2.224170
5149,5149010,31607,1.591563
5150,5150014,19524,0.983127
5151,5151010,12787,0.643886
5152,5152014,13715,0.690616
5153,5153011,21989,1.107251
5154,5154010,34552,1.739858
5155,5155014,46603,2.346684
5156,5156010,53357,2.686780
5157,5157014,52460,2.641611
5158,5158011,44106,2.220948
5159,5159015,31527,1.587535
5160,5160011,19604,0.987155
5161,5161015,12675,0.638247
5162,5162013,13619,0.685782
5163,5163009,21957,1.105640
5164,5164013,34600,1.742275
5165,5165010,46459,2.339432
5166,5166014,53421,2.690002
5167,5167010,52492,2.643222
5168,5168014,44138,2.222559
5169,5169010,31511,1.586729
5170,5170008,19524,0.983127
5171,5171012,12723,0.640664
5172,5172009,13475,0.678531
5173,5173013,22021,1.108862
5174,5174009,34536,1.739052
5175,5175013,46587,2.345878
5176,5176009,53341,2.685974
5177,5177015,52428,2.640000
5178,5178012,44026,2.216919
5179,5179008,31495,1.585924
5180,5180012,19492,0.981515
5181,5181009,12643,0.636635
5182,5182013,13603,0.684976
5183,5183009,22005,1.108057
5184,5184013,34504,1.737441
5185,5185009,46635,2.348295
5186,5186015,53469,2.692419
5187,5187011,52540,2.645640
5188,5188008,44362,2.233838
5189,5189012,31607,1.591563
5190,5190008,19604,0.987155
5191,5191012,12771,0.643081
5192,5192009,13683,0.689004
5193,5193013,21989,1.107251
5194,5194011,34568,1.740664
5195,5195015,46619,2.347489
5196,5196012,53437,2.690808
5197,5197008,52492,2.643222
5198,5198012,44154,2.223364
5199,5199008,31639,1.593175
5200,5200012,19588,0.986349
5201,5201010,12755,0.642275
5202,5202008,13667,0.688199
5203,5203013,22037,1.109668
5204,5204009,34552,1.739858
5205,5205013,46523,2.342655
5206,5206009,53389,2.688391
5207,5207013,52476,2.642417
5208,5208010,44138,2.222559
5209,5209008,31511,1.586729
5210,5210013,19524,0.983127
5211,5211010,12515,0.630190
5212,5212014,13747,0.692227
5213,5213010,21765,1.095972
5214,5214014,34488,1.736635
5215,5215010,46619,2.347489
5216,5216014,53325,2.685168
5217,5217012,52572,2.647251
5218,5218010,44090,2.220142
5219,5219015,31431,1.582701
5220,5220012,19524,0.983127
5221,5221008,12611,0.635024
5222,5222012,13539,0.681753
5223,5223008,21797,1.097583
5224,5224012,34456,1.735024
5225,5225011,46475,2.340238
5226,5226010,53485,2.693225
5227,5227014,52572,2.647251
5228,5228010,44154,2.223364
5229,5229014,31559,1.589146
5230,5230010,19732,0.993600
5231,5231014,12771,0.643081
5232,5232011,13683,0.689004
5233,5233010,21973,1.106445
5234,5234014,34632,1.743886
5235,5235010,46603,2.346684
5236,5236014,53469,2.692419
5237,5237011,52556,2.646445
5238,5238015,44106,2.220948
5239,5239011,31607,1.591563
5240,5240015,19572,0.985544
5241,5241014,12755,0.642275
5242,5242013,13667,0.688199
5243,5243009,21973,1.106445
5244,5244013,34632,1.743886
5245,5245009,46555,2.344266
5246,5246013,53453,2.691614
5247,5247010,52492,2.643222
5248,5248014,44106,2.220948
5249,5249013,31447,1.583506
5250,5250010,19508,0.982321
5251,5251014,12723,0.640664
5252,5252011,13651,0.687393
5253,5253015,22037,1.109668
5254,5254011,34520,1.738247
5255,5255015,46603,2.346684
5256,5256011,53357,2.686780
5257,5257011,52460,2.641611
5258,5258009,44170,2.224170
5259,5259012,31575,1.589952
5260,5260009,19604,0.987155
5261,5261013,12755,0.642275
5262,5262009,13635,0.686587
5263,5263013,22005,1.108057
5264,5264009,34456,1.735024
5265,5265008,46555,2.344266
5266,5266013,53373,2.687585
5267,5267009,52492,2.643222
5268,5268013,44266,2.229004
5269,5269009,31543,1.588340
5270,5270013,19556,0.984738
5271,5271010,12755,0.642275
5272,5272014,13683,0.689004
5273,5273014,22037,1.109668
5274,5274013,34600,1.742275
5275,5275010,46555,2.344266
5276,5276014,53389,2.688391
5277,5277010,52444,2.640806
5278,5278014,44074,2.219336
5279,5279011,31671,1.594786
5280,5280015,19332,0.973458
5281,5281015,12675,0.638247
5282,5282013,13651,0.687393
5283,5283009,22037,1.109668
5284,5284013,34536,1.739052
5285,5285009,46443,2.338627
5286,5286013,53261,2.681946
5287,5287010,52332,2.635166
5288,5288014,44218,2.226587
5289,5289014,31543,1.588340
5290,5290014,19556,0.984738
5291,5291011,12787,0.643886
5292,5292015,13715,0.690616
5293,5293011,22037,1.109668
5294,5294015,34648,1.744692
5295,5295011,46619,2.347489
5296,5296008,53453,2.691614
5297,5297010,52620,2.649668
5298,5298010,44282,2.229810
5299,5299014,31623,1.592369
5300,5300010,19652,0.989572
5301,5301014,12755,0.642275
5302,5302011,13699,0.689810
5303,5303015,22117,1.113696
5304,5304011,34648,1.744692
5305,5305012,46667,2.349906
5306,5306009,53501,2.694030
5307,5307013,52556,2.646445
5308,5308009,44266,2.229004
5309,5309013,31559,1.589146
5310,5310010,19604,0.987155
5311,5311014,12771,0.643081
5312,5312010,13699,0.689810
5313,5313011,21957,1.105640
5314,5314008,34552,1.739858
5315,5315012,46715,2.352323
5316,5316008,53533,2.695642
5317,5317012,52396,2.638389
5318,5318009,44170,2.224170
5319,5319013,31447,1.583506
5320,5320009,19492,0.981515
5321,5321011,12563,0.632607
5322,5322009,13491,0.679336
5323,5323012,21925,1.104028
5324,5324009,34696,1.747109
5325,5325013,46443,2.338627
5326,5326009,53485,2.693225
5327,5327013,52684,2.652891
5328,5328009,44298,2.230616
5329,5329011,31591,1.590758
5330,5330008,19844,0.999240
5331,5331012,12707,0.639858
5332,5332009,13619,0.685782
5333,5333013,21845,1.100000
5334,5334009,34424,1.733413
5335,5335013,46523,2.342655
5336,5336009,53180,2.677867
5337,5337012,52572,2.647251
5338,5338010,44234,2.227393
5339,5339014,31671,1.594786
5340,5340010,19620,0.987961
5341,5341014,12787,0.643886
5342,5342011,13683,0.689004
5343,5343015,22085,1.112085
5344,5344011,34632,1.743886
5345,5345013,46571,2.345072
5346,5346012,53389,2.688391
5347,5347010,52572,2.647251
5348,5348014,44090,2.220142
5349,5349010,31575,1.589952
5350,5350014,19524,0.983127
5351,5351011,12739,0.641469
5352,5352015,13699,0.689810
5353,5353011,21989,1.107251
5354,5354015,34536,1.739052
5355,5355012,46635,2.348295
5356,5356008,53325,2.685168
5357,5357012,52460,2.641611
5358,5358008,44154,2.223364
5359,5359012,31447,1.583506
5360,5360009,19556,0.984738
5361,5361012,12563,0.632607
5362,5362011,13491,0.679336
5363,5363015,22005,1.108057
5364,5364011,34504,1.737441
5365,5365015,46507,2.341849
5366,5366011,53357,2.686780
5367,5367008,52412,2.639194
5368,5368012,43978,2.214502
5369,5369016,31367,1.579478
5370,5370013,19396,0.976681
5371,5371009,12499,0.629384
5372,5372013,13715,0.690616
5373,5373010,22037,1.109668
5374,5374014,34712,1.747915
5375,5375010,46667,2.349906
5376,5376014,53293,2.683557
5377,5377010,52540,2.645640
5378,5378015,44090,2.220142
5379,5379011,31431,1.582701
5380,5380008,19716,0.992795
5381,5381012,12787,0.643886
5382,5382008,13747,0.692227
5383,5383012,22085,1.112085
5384,5384009,34600,1.742275
5385,5385012,46635,2.348295
5386,5386011,53357,2.686780
5387,5387008,52460,2.641611
5388,5388012,44138,2.222559
5389,5389009,31511,1.586729
5390,5390013,19572,0.985544
5391,5391009,12771,0.643081
5392,5392013,13667,0.688199
5393,5393010,21957,1.105640
5394,5394015,34632,1.743886
5395,5395011,46523,2.342655
5396,5396015,53244,2.681089
5397,5397012,52508,2.644028
5398,5398008,44298,2.230616
5399,5399012,31655,1.593980
5400,5400008,19748,0.994406
5401,5401013,12515,0.630190
5402,5402011,13635,0.686587
5403,5403015,21925,1.104028
5404,5404011,34440,1.734218
5405,5405008,46555,2.344266
5406,5406012,53293,2.683557
5407,5407008,52588,2.648057
5408,5408012,44250,2.228198
5409,5409009,31639,1.593175
5410,5410010,19636,0.988766
5411,5411014,12819,0.645498
5412,5412011,13715,0.690616
5413,5413015,22085,1.112085
5414,5414011,34632,1.743886
5415,5415008,46571,2.345072
5416,5416012,53565,2.697253
5417,5417009,52588,2.648057
5418,5418009,44250,2.228198
5419,5419013,31655,1.593980
5420,5420009,19636,0.988766
5421,5421013,12787,0.643886
5422,5422010,13715,0.690616
5423,5423014,22053,1.110474
5424,5424010,34600,1.742275
5425,5425009,46523,2.342655
5426,5426014,53421,2.690002
5427,5427010,52524,2.644834
5428,5428014,44122,2.221753
5429,5429010,31559,1.589146
5430,5430014,19700,0.991989
5431,5431011,12739,0.641469
5432,5432015,13715,0.690616
5433,5433013,22021,1.108862
5434,5434011,34648,1.744692
5435,5435015,46571,2.345072
5436,5436011,53357,2.686780
5437,5437015,52492,2.643222
5438,5438011,44106,2.220948
5439,5439008,31639,1.593175
5440,5440012,19540,0.983932
5441,5441009,12755,0.642275
5442,5442014,13667,0.688199
5443,5443011,21957,1.105640
5444,5444015,34584,1.741469
5445,5445011,46315,2.332181
5446,5446015,53437,2.690808
5447,5447011,52460,2.641611
5448,5448008,44218,2.226587
5449,5449014,31463,1.584312
5450,5450010,19524,0.983127
5451,5451014,12723,0.640664
5452,5452011,13507,0.680142
5453,5453015,21925,1.104028
5454,5454011,34616,1.743081
5455,5455015,46635,2.348295
5456,5456011,53405,2.689196
5457,5457010,52508,2.644028
5458,5458014,44122,2.221753
5459,5459010,31639,1.593175
5460,5460014,19556,0.984738
5461,5461011,12755,0.642275
5462,5462015,13747,0.692227
5463,5463011,22021,1.108862
5464,5464015,34632,1.743886
5465,5465014,46523,2.342655
5466,5466011,53373,2.687585
5467,5467014,52492,2.643222
5468,5468011,44090,2.220142
5469,5469015,31543,1.588340
5470,5470011,19604,0.987155
5471,5471015,12915,0.650332
5472,5472011,13699,0.689810
5473,5473011,21957,1.105640
5474,5474009,34440,1.734218
5475,5475013,46603,2.346684
5476,5476009,53389,2.688391
5477,5477013,52444,2.640806
5478,5478010,44170,2.224170
5479,5479014,31527,1.587535
5480,5480010,19620,0.987961
5481,5481009,12579,0.633413
5482,5482014,13539,0.681753
5483,5483011,22053,1.110474
5484,5484015,34728,1.748720
5485,5485011,46667,2.349906
5486,5486015,53485,2.693225
5487,5487011,52492,2.643222
5488,5488008,44218,2.226587
5489,5489008,31559,1.589146
5490,5490013,19540,0.983932
5491,5491009,12739,0.641469
5492,5492013,13651,0.687393
5493,5493010,21957,1.105640
5494,5494014,34504,1.737441
5495,5495010,46459,2.339432
5496,5496014,53405,2.689196
5497,5497015,52476,2.642417
5498,5498012,44122,2.221753
5499,5499009,31575,1.589952
5500,5500013,19412,0.977487
5501,5501009,12739,0.641469
5502,5502013,13747,0.692227
5503,5503009,22053,1.110474
5504,5504013,34728,1.748720
5505,5505014,46667,2.349906
5506,5506013,53533,2.695642
5507,5507010,52572,2.647251
5508,5508014,44138,2.222559
5509,5509010,31591,1.590758
5510,5510014,19588,0.986349
5511,5511011,12755,0.642275
5512,5512015,13715,0.690616
5513,5513009,21909,1.103223
5514,5514013,34648,1.744692
5515,5515009,46507,2.341849
5516,5516013,53357,2.686780
5517,5517010,52524,2.644834
5518,5518014,43946,2.212891
5519,5519010,31447,1.583506
5520,5520014,19492,0.981515
5521,5521014,12627,0.635830
5522,5522013,13715,0.690616
5523,5523010,22021,1.108862
5524,5524014,34712,1.747915
5525,5525010,46603,2.346684
5526,5526014,53469,2.692419
5527,5527010,52588,2.648057
5528,5528014,44234,2.227393
5529,5529015,31591,1.590758
5530,5530012,19636,0.988766
5531,5531008,12803,0.644692
5532,5532012,13731,0.691421
5533,5533009,22021,1.108862
5534,5534013,34648,1.744692
5535,5535009,46651,2.349100
5536,5536013,53565,2.697253
5537,5537014,52540,2.645640
5538,5538013,44090,2.220142
5539,5539010,31687,1.595592
5540,5540014,19604,0.987155
5541,5541010,12771,0.643081
5542,5542014,13587,0.684170
5543,5543010,21829,1.099194
5544,5544014,34456,1.735024
5545,5545009,46539,2.343460
5546,5546014,53517,2.694836
5547,5547011,52652,2.651280
5548,5548015,44234,2.227393
5549,5549011,31639,1.593175
5550,5550015,19524,0.983127
5551,5551011,12691,0.639052
5552,5552008,13603,0.684976
5553,5553011,21925,1.104028
5554,5554009,34520,1.738247
5555,5555013,46507,2.341849
5556,5556009,53357,2.686780
5557,5557013,52460,2.641611
5558,5558009,44090,2.220142
5559,5559013,31511,1.586729
5560,5560010,19524,0.983127
5561,5561011,12707,0.639858
5562,5562009,13587,0.684170
5563,5563013,22005,1.108057
5564,5564009,34456,1.735024
5565,5565013,46507,2.341849
5566,5566009,53325,2.685168
5567,5567013,52572,2.647251
5568,5568010,44234,2.227393
5569,5569013,31415,1.581895
5570,5570011,19460,0.979904
5571,5571015,12691,0.639052
5572,5572012,13475,0.678531
5573,5573008,21925,1.104028
5574,5574012,34504,1.737441
5575,5575008,46603,2.346684
5576,5576012,53277,2.682751
5577,5577015,52428,2.640000
5578,5578014,44122,2.221753
5579,5579010,31447,1.583506
5580,5580014,19412,0.977487
5581,5581011,12739,0.641469
5582,5582015,13539,0.681753
5583,5583011,22021,1.108862
5584,5584015,34600,1.742275
5585,5585012,46619,2.347489
5586,5586009,53453,2.691614
5587,5587013,52540,2.645640
5588,5588009,44266,2.229004
5589,5589013,31639,1.593175
5590,5590010,19620,0.987961
5591,5591014,12819,0.645498
5592,5592010,13715,0.690616
5593,5593012,22069,1.111280
5594,5594009,34504,1.737441
5595,5595013,46459,2.339432
5596,5596009,53293,2.683557
5597,5597013,52460,2.641611
5598,5598010,44106,2.220948
5599,5599014,31559,1.589146
5600,5600010,19604,0.987155
5601,5601013,12723,0.640664
5602,5602010,13667,0.688199
5603,5603014,22021,1.108862
5604,5604010,34568,1.740664
5605,5605014,46635,2.348295
5606,5606010,53533,2.695642
5607,5607014,52396,2.638389
5608,5608011,44090,2.220142
5609,5609014,31607,1.591563
5610,5610013,19588,0.986349
5611,5611010,12771,0.643081
5612,5612014,13731,0.691421
5613,5613010,22005,1.108057
5614,5614014,34616,1.743081
5615,5615010,46587,2.345878
5616,5616014,53533,2.695642
5617,5617011,52380,2.637583
5618,5618009,44074,2.219336
5619,5619013,31607,1.591563
5620,5620009,19684,0.991183
5621,5621013,12771,0.643081
5622,5622009,13619,0.685782
5623,5623013,22053,1.110474
5624,5624010,34600,1.742275
5625,5625014,46683,2.350712
5626,5626011,53405,2.689196
5627,5627015,52508,2.644028
5628,5628011,44250,2.228198
5629,5629008,31655,1.593980
5630,5630012,19620,0.987961
5631,5631008,12771,0.643081
5632,5632012,13731,0.691421
5633,5633010,21973,1.106445
5634,5634014,34616,1.743081
5635,5635011,46539,2.343460
5636,5636015,53437,2.690808
5637,5637011,52508,2.644028
5638,5638015,44090,2.220142
5639,5639011,31623,1.592369
5640,5640008,19556,0.984738
5641,5641013,12579,0.633413
5642,5642013,13555,0.682559
5643,5643010,21893,1.102417
5644,5644014,34472,1.735830
5645,5645010,46571,2.345072
5646,5646014,53357,2.686780
5647,5647011,52444,2.640806
5648,5648015,44058,2.218530
5649,5649012,31463,1.584312
5650,5650011,19396,0.976681
5651,5651008,12675,0.638247
5652,5652012,13635,0.686587
5653,5653008,21989,1.107251
5654,5654012,34696,1.747109
5655,5655009,46651,2.349100
5656,5656013,53533,2.695642
5657,5657010,52636,2.650474
5658,5658015,44250,2.228198
5659,5659011,31687,1.595592
5660,5660015,19556,0.984738
5661,5661012,12755,0.642275
5662,5662008,13699,0.689810
5663,5663012,22101,1.112891
5664,5664008,34664,1.745498
5665,5665013,46667,2.349906
5666,5666011,53549,2.696448
5667,5667015,52604,2.648862
5668,5668011,44282,2.229810
5669,5669015,31607,1.591563
5670,5670011,19652,0.989572
5671,5671008,12803,0.644692
5672,5672012,13715,0.690616
5673,5673009,21973,1.106445
5674,5674013,34728,1.748720
5675,5675010,46651,2.349100
5676,5676014,53485,2.693225
5677,5677010,52540,2.645640
5678,5678014,44170,2.224170
5679,5679011,31607,1.591563
5680,5680015,19572,0.985544
5681,5681013,12547,0.631801
5682,5682010,13699,0.689810
5683,5683014,22053,1.110474
5684,5684010,34584,1.741469
5685,5685014,46555,2.344266
5686,5686010,53405,2.689196
5687,5687014,52428,2.640000
5688,5688011,44170,2.224170
5689,5689011,31511,1.586729
5690,5690008,19540,0.983932
5691,5691012,12627,0.635830
5692,5692009,13491,0.679336
5693,5693013,21861,1.100806
5694,5694009,34568,1.740664
5695,5695013,46491,2.341044
5696,5696009,53373,2.687585
5697,5697008,52428,2.640000
5698,5698012,44074,2.219336
5699,5699009,31479,1.585118
5700,5700013,19476,0.980709
5701,5701009,12723,0.640664
5702,5702013,13747,0.692227
5703,5703010,22021,1.108862
5704,5704014,34728,1.748720
5705,5705013,46523,2.342655
5706,5706010,53389,2.688391
5707,5707014,52460,2.641611
5708,5708010,44042,2.217725
5709,5709014,31527,1.587535
5710,5710011,19652,0.989572
5711,5711015,12755,0.642275
5712,5712011,13715,0.690616
5713,5713012,22053,1.110474
5714,5714009,34616,1.743081
5715,5715013,46667,2.349906
5716,5716009,53501,2.694030
5717,5717013,52492,2.643222
5718,5718009,44266,2.229004
5719,5719013,31559,1.589146
5720,5720010,19588,0.986349
5721,5721009,12691,0.639052
5722,5722014,13699,0.689810
5723,5723011,21989,1.107251
5724,5724015,34616,1.743081
5725,5725011,46571,2.345072
5726,5726015,53325,2.685168
5727,5727011,52508,2.644028
5728,5728008,44154,2.223364
5729,5729015,31399,1.581090
5730,5730013,19444,0.979098
5731,5731010,12483,0.628579
5732,5732014,13539,0.681753
5733,5733010,22037,1.109668
5734,5734014,34632,1.743886
5735,5735010,46427,2.337821
5736,5736014,53309,2.684362
5737,5737014,52380,2.637583
5738,5738011,44026,2.216919
5739,5739015,31431,1.582701
5740,5740011,19412,0.977487
5741,5741008,12547,0.631801
5742,5742012,13587,0.684170
5743,5743008,21797,1.097583
5744,5744012,34552,1.739858
5745,5745014,46651,2.349100
5746,5746011,53469,2.692419
5747,5747015,52540,2.645640
5748,5748011,44186,2.224976
5749,5749015,31527,1.587535
5750,5750011,19604,0.987155
5751,5751008,12787,0.643886
5752,5752012,13667,0.688199
5753,5753013,22005,1.108057
5754,5754010,34552,1.739858
5755,5755013,46603,2.346684
5756,5756010,53389,2.688391
5757,5757014,52508,2.644028
5758,5758010,44186,2.224976
5759,5759014,31559,1.589146
5760,5760010,19572,0.985544
5761,5761012,12659,0.637441
5762,5762010,13667,0.688199
5763,5763014,22053,1.110474
5764,5764010,34600,1.742275
5765,5765014,46571,2.345072
5766,5766010,53357,2.686780
5767,5767014,52444,2.640806
5768,5768011,44090,2.220142
5769,5769012,31415,1.581895
5770,5770010,19508,0.982321
5771,5771015,12739,0.641469
5772,5772011,13571,0.683365
5773,5773015,22101,1.112891
5774,5774011,34680,1.746303
5775,5775008,46651,2.349100
5776,5776012,53277,2.682751
5777,5777014,52524,2.644834
5778,5778011,44282,2.229810
5779,5779015,31623,1.592369
5780,5780011,19652,0.989572
5781,5781008,12835,0.646303
5782,5782012,13715,0.690616
5783,5783008,22005,1.108057
5784,5784012,34664,1.745498
5785,5785015,46635,2.348295
5786,5786013,53469,2.692419
5787,5787010,52604,2.648862
5788,5788014,44250,2.228198
5789,5789010,31639,1.593175
5790,5790014,19556,0.984738
5791,5791010,12819,0.645498
5792,5792014,13731,0.691421
5793,5793009,21941,1.104834
5794,5794014,34456,1.735024
5795,5795010,46651,2.349100
5796,5796014,53469,2.692419
5797,5797011,52636,2.650474
5798,5798015,44186,2.224976
5799,5799011,31671,1.594786
5800,5800015,19620,0.987961
5801,5801011,12787,0.643886
5802,5802008,13715,0.690616
5803,5803012,22053,1.110474
5804,5804008,34568,1.740664
5805,5805012,46603,2.346684
5806,5806009,53373,2.687585
5807,5807013,52508,2.644028
5808,5808009,44234,2.227393
5809,5809012,31575,1.589952
5810,5810012,19604,0.987155
5811,5811009,12787,0.643886
5812,5812013,13667,0.688199
5813,5813009,21941,1.104834
5814,5814013,34664,1.745498
5815,5815010,46619,2.347489
5816,5816014,53437,2.690808
5817,5817009,52524,2.644834
5818,5818013,44202,2.225782
5819,5819010,31671,1.594786
5820,5820014,19540,0.983932
5821,5821010,12819,0.645498
5822,5822014,13411,0.675308
5823,5823010,22037,1.109668
5824,5824014,34616,1.743081
5825,5825010,46539,2.343460
5826,5826015,53453,2.691614
5827,5827011,52540,2.645640
5828,5828008,44202,2.225782
5829,5829012,31559,1.589146
5830,5830008,19652,0.989572
5831,5831012,12787,0.643886
5832,5832008,13651,0.687393
5833,5833012,22005,1.108057
5834,5834011,34568,1.740664
5835,5835009,46539,2.343460
5836,5836013,53421,2.690002
5837,5837009,52460,2.641611
5838,5838013,44026,2.216919
5839,5839010,31527,1.587535
5840,5840014,19508,0.982321
5841,5841010,12547,0.631801
5842,5842015,13555,0.682559
5843,5843011,21925,1.104028
5844,5844015,34616,1.743081
5845,5845011,46507,2.341849
5846,5846008,53405,2.689196
5847,5847012,52508,2.644028
5848,5848008,44138,2.222559
5849,5849012,31511,1.586729
5850,5850011,19572,0.985544
5851,5851015,12739,0.641469
5852,5852011,13651,0.687393
5853,5853008,21909,1.103223
5854,5854012,34440,1.734218
5855,5855008,46571,2.345072
5856,5856012,53309,2.684362
5857,5857010,52540,2.645640
5858,5858008,44202,2.225782
5859,5859012,31527,1.587535
5860,5860009,19524,0.983127
5861,5861013,12755,0.642275
5862,5862009,13587,0.684170
5863,5863013,21973,1.106445
5864,5864009,34504,1.737441
5865,5865014,46619,2.347489
5866,5866011,53469,2.692419
5867,5867015,52588,2.648057
5868,5868011,44250,2.228198
5869,5869015,31559,1.589146
5870,5870011,19636,0.988766
5871,5871008,12835,0.646303
5872,5872012,13715,0.690616
5873,5873009,22005,1.108057
5874,5874013,34648,1.744692
5875,5875010,46555,2.344266
5876,5876014,53405,2.689196
5877,5877010,52508,2.644028
5878,5878014,44106,2.220948
5879,5879010,31591,1.590758
5880,5880014,19540,0.983932
5881,5881012,12723,0.640664
5882,5882009,13651,0.687393
5883,5883013,22005,1.108057
5884,5884009,34536,1.739052
5885,5885013,46539,2.343460
5886,5886010,53421,2.690002
5887,5887014,52508,2.644028
5888,5888010,44266,2.229004
5889,5889015,31463,1.584312
5890,5890012,19428,0.978292
5891,5891009,12819,0.645498
5892,5892013,13747,0.692227
5893,5893009,21989,1.107251
5894,5894013,34680,1.746303
5895,5895009,46587,2.345878
5896,5896013,53549,2.696448
5897,5897012,52652,2.651280
5898,5898009,44266,2.229004
5899,5899013,31639,1.593175
5900,5900010,19716,0.992795
5901,5901014,12787,0.643886
5902,5902010,13763,0.693033
5903,5903014,22053,1.110474
5904,5904010,34600,1.742275
5905,5905008,46523,2.342655
5906,5906013,53389,2.688391
5907,5907009,52572,2.647251
5908,5908013,44186,2.224976
5909,5909010,31639,1.593175
5910,5910014,19604,0.987155
5911,5911010,12755,0.642275
5912,5912014,13699,0.689810
5913,5913011,21973,1.106445
5914,5914009,34568,1.740664
5915,5915013,46603,2.346684
5916,5916010,53405,2.689196
5917,5917014,52476,2.642417
5918,5918010,44170,2.224170
5919,5919014,31543,1.588340
5920,5920010,19540,0.983932
5921,5921010,12771,0.643081
5922,5922009,13635,0.686587
5923,5923013,22037,1.109668
5924,5924010,34536,1.739052
5925,5925014,46475,2.340238
5926,5926010,53341,2.685974
5927,5927014,52364,2.636777
5928,5928010,44106,2.220948
5929,5929010,31591,1.590758
5930,5930015,19524,0.983127
5931,5931011,12707,0.639858
5932,5932015,13651,0.687393
5933,5933012,21925,1.104028
5934,5934008,34488,1.736635
5935,5935012,46539,2.343460
5936,5936008,53325,2.685168
5937,5937014,52460,2.641611
5938,5938013,44026,2.216919
5939,5939010,31527,1.587535
5940,5940014,19428,0.978292
5941,5941011,12595,0.634218
5942,5942015,13507,0.680142
5943,5943011,21813,1.098389
5944,5944015,34536,1.739052
5945,5945008,46395,2.336210
5946,5946013,53341,2.685974
5947,5947009,52444,2.640806
5948,5948013,44026,2.216919
5949,5949010,31495,1.585924
5950,5950014,19572,0.985544
5951,5951010,12675,0.638247
5952,5952014,13491,0.679336
5953,5953014,21893,1.102417
5954,5954014,34312,1.727773
5955,5955010,46443,2.338627
5956,5956014,53277,2.682751
5957,5957010,52524,2.644834
5958,5958014,44266,2.229004
5959,5959011,31655,1.593980
5960,5960015,19620,0.987961
5961,5961015,12771,0.643081
5962,5962013,13731,0.691421
5963,5963009,22005,1.108057
5964,5964013,34648,1.744692
5965,5965009,46603,2.346684
5966,5966013,53469,2.692419
5967,5967010,52508,2.644028
5968,5968014,44138,2.222559
5969,5969014,31511,1.586729
5970,5970012,19588,0.986349
5971,5971010,12723,0.640664
5972,5972014,13683,0.689004
5973,5973010,21893,1.102417
5974,5974014,34440,1.734218
5975,5975010,46635,2.348295
5976,5976014,53533,2.695642
5977,5977008,52508,2.644028
5978,5978013,44058,2.218530
5979,5979010,31463,1.584312
5980,5980014,19524,0.983127
5981,5981010,12675,0.638247
5982,5982014,13523,0.680948
5983,5983010,21957,1.105640
5984,5984014,34568,1.740664
5985,5985015,46539,2.343460
5986,5986013,53485,2.693225
5987,5987009,52460,2.641611
5988,5988013,44154,2.223364
5989,5989010,31511,1.586729
5990,5990014,19476,0.980709
5991,5991010,12627,0.635830
5992,5992014,13619,0.685782
5993,5993008,21845,1.100000
5994,5994012,34584,1.741469
5995,5995009,46507,2.341849
5996,5996013,53309,2.684362
5997,5997009,52444,2.640806
5998,5998013,44010,2.216114
5999,5999009,31479,1.585118
6000,6000013,19572,0.985544
6001,6001014,12563,0.632607
6002,6002012,13491,0.679336
6003,6003009,22037,1.109668
6004,6004013,34696,1.747109
6005,6005009,46587,2.345878
6006,6006013,53469,2.692419
6007,6007010,52620,2.649668
6008,6008014,44218,2.226587
6009,6009009,31655,1.593980
6010,6010013,19652,0.989572
6011,6011009,12803,0.644692
6012,6012013,13699,0.689810
6013,6013009,22021,1.108862
6014,6014013,34632,1.743886
6015,6015010,46555,2.344266
6016,6016014,53389,2.688391
6017,6017009,52508,2.644028
6018,6018014,44138,2.222559
6019,6019011,31591,1.590758
6020,6020014,19556,0.984738
6021,6021011,12771,0.643081
6022,6022015,13683,0.689004
6023,6023011,21925,1.104028
6024,6024008,34520,1.738247
6025,6025011,46459,2.339432
6026,6026009,53501,2.694030
6027,6027013,52620,2.649668
6028,6028009,44250,2.228198
6029,6029013,31639,1.593175
6030,6030010,19668,0.990378
6031,6031014,12787,0.643886
6032,6032010,13715,0.690616
6033,6033014,22069,1.111280
6034,6034011,34664,1.745498
6035,6035008,46619,2.347489
6036,6036012,53517,2.694836
6037,6037008,52540,2.645640
6038,6038012,44202,2.225782
6039,6039009,31655,1.593980
6040,6040013,19604,0.987155
6041,6041008,12787,0.643886
6042,6042012,13667,0.688199
6043,6043009,21989,1.107251
6044,6044013,34616,1.743081
6045,6045009,46587,2.345878
6046,6046013,53469,2.692419
6047,6047010,52556,2.646445
6048,6048014,44106,2.220948
6049,6049009,31575,1.589952
6050,6050013,19604,0.987155
6051,6051009,12787,0.643886
6052,6052013,13667,0.688199
6053,6053009,21925,1.104028
6054,6054013,34568,1.740664
6055,6055010,46539,2.343460
6056,6056014,53389,2.688391
6057,6057009,52300,2.633554
6058,6058008,44330,2.232227
6059,6059012,31655,1.593980
6060,6060008,19684,0.991183
6061,6061012,12803,0.644692
6062,6062009,13683,0.689004
6063,6063013,22053,1.110474
6064,6064009,34520,1.738247
6065,6065013,46571,2.345072
6066,6066011,53437,2.690808
6067,6067015,52492,2.643222
6068,6068011,44154,2.223364
6069,6069015,31527,1.587535
6070,6070011,19524,0.983127
6071,6071008,12691,0.639052
6072,6072012,13651,0.687393
6073,6073009,21765,1.095972
6074,6074014,34536,1.739052
6075,6075010,46523,2.342655
6076,6076014,53325,2.685168
6077,6077011,52652,2.651280
6078,6078015,44234,2.227393
6079,6079011,31687,1.595592
6080,6080015,19588,0.986349
6081,6081011,12755,0.642275
6082,6082015,13699,0.689810
6083,6083012,22053,1.110474
6084,6084008,34520,1.738247
6085,6085012,46555,2.344266
6086,6086008,53357,2.686780
6087,6087012,52508,2.644028
6088,6088009,44186,2.224976
6089,6089014,31527,1.587535
6090,6090012,19508,0.982321
6091,6091009,12787,0.643886
6092,6092013,13683,0.689004
6093,6093009,22005,1.108057
6094,6094013,34616,1.743081
6095,6095010,46507,2.341849
6096,6096014,53341,2.685974
6097,6097010,52476,2.642417
6098,6098010,44090,2.220142
6099,6099008,31591,1.590758
6100,6100012,19476,0.980709
6101,6101008,12595,0.634218
6102,6102012,13651,0.687393
6103,6103009,21941,1.104834
6104,6104013,34520,1.738247
6105,6105011,46619,2.347489
6106,6106009,53341,2.685974
6107,6107014,52492,2.643222
6108,6108010,44138,2.222559
6109,6109014,31495,1.585924
6110,6110010,19620,0.987961
6111,6111014,12771,0.643081
6112,6112011,13443,0.676919
6113,6113009,21893,1.102417
6114,6114013,34408,1.732607
6115,6115009,46603,2.346684
6116,6116013,53517,2.694836
6117,6117010,52604,2.648862
6118,6118014,44250,2.228198
6119,6119010,31639,1.593175
6120,6120014,19396,0.976681
6121,6121011,12531,0.630996
6122,6122009,13699,0.689810
6123,6123013,21989,1.107251
6124,6124009,34456,1.735024
6125,6125013,46667,2.349906
6126,6126009,53517,2.694836
6127,6127013,52508,2.644028
6128,6128010,44250,2.228198
6129,6129008,31559,1.589146
6130,6130012,19460,0.979904
6131,6131009,12739,0.641469
6132,6132013,13555,0.682559
6133,6133009,21861,1.100806
6134,6134013,34440,1.734218
6135,6135009,46427,2.337821
6136,6136013,53309,2.684362
6137,6137012,52460,2.641611
6138,6138010,44218,2.226587
6139,6139014,31639,1.593175
6140,6140010,19636,0.988766
6141,6141014,12755,0.642275
6142,6142011,13795,0.694644
6143,6143015,22037,1.109668
6144,6144011,34536,1.739052
6145,6145009,46395,2.336210
6146,6146014,53517,2.694836
6147,6147010,52652,2.651280
6148,6148014,44202,2.225782
6149,6149010,31591,1.590758
6150,6150014,19636,0.988766
6151,6151011,12755,0.642275
6152,6152015,13699,0.689810
6153,6153015,22037,1.109668
6154,6154014,34632,1.743886
6155,6155010,46635,2.348295
6156,6156014,53453,2.691614
6157,6157010,52556,2.646445
6158,6158014,44186,2.224976
6159,6159011,31559,1.589146
6160,6160015,19572,0.985544
6161,6161014,12755,0.642275
6162,6162013,13699,0.689810
6163,6163009,21973,1.106445
6164,6164013,34552,1.739858
6165,6165009,46507,2.341849
6166,6166013,53437,2.690808
6167,6167010,52492,2.643222
6168,6168014,44122,2.221753
6169,6169013,31543,1.588340
6170,6170011,19540,0.983932
6171,6171015,12611,0.635024
6172,6172011,13395,0.674502
6173,6173015,21893,1.102417
6174,6174011,34456,1.735024
6175,6175008,46667,2.349906
6176,6176012,53533,2.695642
6177,6177012,52604,2.648862
6178,6178010,44314,2.231421
6179,6179013,31511,1.586729
6180,6180010,19620,0.987961
6181,6181014,12771,0.643081
6182,6182010,13715,0.690616
6183,6183014,22069,1.111280
6184,6184010,34552,1.739858
6185,6185011,46555,2.344266
6186,6186008,53389,2.688391
6187,6187012,52476,2.642417
6188,6188008,44186,2.224976
6189,6189012,31639,1.593175
6190,6190009,19588,0.986349
6191,6191013,12755,0.642275
6192,6192009,13651,0.687393
6193,6193010,21989,1.107251
6194,6194010,34664,1.745498
6195,6195015,46491,2.341044
6196,6196011,53228,2.680284
6197,6197015,52476,2.642417
6198,6198011,44154,2.223364
6199,6199008,31511,1.586729
6200,6200012,19540,0.983932
6201,6201013,12691,0.639052
6202,6202010,13507,0.680142
6203,6203014,21957,1.105640
6204,6204010,34488,1.736635
6205,6205014,46539,2.343460
6206,6206010,53437,2.690808
6207,6207014,52620,2.649668
6208,6208011,44282,2.229810
6209,6209012,31607,1.591563
6210,6210008,19668,0.990378
6211,6211012,12803,0.644692
6212,6212009,13667,0.688199
6213,6213013,22037,1.109668
6214,6214009,34632,1.743886
6215,6215013,46651,2.349100
6216,6216009,53437,2.690808
6217,6217011,52428,2.640000
6218,6218008,44266,2.229004
6219,6219012,31591,1.590758
6220,6220008,19604,0.987155
6221,6221012,12787,0.643886
6222,6222008,13683,0.689004
6223,6223012,22037,1.109668
6224,6224009,34568,1.740664
6225,6225011,46715,2.352323
6226,6226009,53485,2.693225
6227,6227013,52572,2.647251
6228,6228009,44410,2.236256
6229,6229013,31639,1.593175
6230,6230010,19652,0.989572
6231,6231014,12787,0.643886
6232,6232010,13715,0.690616
6233,6233011,22053,1.110474
6234,6234008,34632,1.743886
6235,6235012,46395,2.336210
6236,6236009,53341,2.685974
6237,6237013,52380,2.637583
6238,6238009,44074,2.219336
6239,6239013,31607,1.591563
6240,6240009,19668,0.990378
6241,6241011,12787,0.643886
6242,6242011,13667,0.688199
6243,6243009,21989,1.107251
6244,6244013,34600,1.742275
6245,6245009,46603,2.346684
6246,6246013,53373,2.687585
6247,6247010,52492,2.643222
6248,6248014,44170,2.224170
6249,6249008,31639,1.593175
6250,6250012,19604,0.987155
6251,6251009,12803,0.644692
6252,6252013,13651,0.687393
6253,6253009,21957,1.105640
6254,6254013,34568,1.740664
6255,6255010,46539,2.343460
6256,6256014,53373,2.687585
6257,6257008,52412,2.639194
6258,6258013,44170,2.224170
6259,6259009,31591,1.590758
6260,6260013,19556,0.984738
6261,6261009,12723,0.640664
6262,6262013,13715,0.690616
6263,6263010,21829,1.099194
6264,6264014,34568,1.740664
6265,6265009,46571,2.345072
6266,6266013,53405,2.689196
6267,6267009,52460,2.641611
6268,6268013,43994,2.215308
6269,6269010,31591,1.590758
6270,6270014,19428,0.978292
6271,6271010,12819,0.645498
6272,6272014,13587,0.684170
6273,6273010,21797,1.097583
6274,6274008,34600,1.742275
6275,6275012,46507,2.341849
6276,6276009,53533,2.695642
6277,6277013,52652,2.651280
6278,6278009,44250,2.228198
6279,6279013,31639,1.593175
6280,6280009,19636,0.988766
6281,6281013,12787,0.643886
6282,6282010,13667,0.688199
6283,6283013,22053,1.110474
6284,6284010,34536,1.739052
6285,6285014,46571,2.345072
6286,6286010,53389,2.688391
6287,6287014,52492,2.643222
6288,6288010,44218,2.226587
6289,6289014,31559,1.589146
6290,6290012,19604,0.987155
6291,6291008,12787,0.643886
6292,6292012,13667,0.688199
6293,6293008,21957,1.105640
6294,6294012,34520,1.738247
6295,6295009,46427,2.337821
6296,6296013,53261,2.681946
6297,6297009,52364,2.636777
6298,6298014,44234,2.227393
6299,6299010,31703,1.596397
6300,6300014,19572,0.985544
6301,6301010,12787,0.643886
6302,6302014,13731,0.691421
6303,6303011,22005,1.108057
6304,6304015,34600,1.742275
6305,6305011,46459,2.339432
6306,6306008,53405,2.689196
6307,6307012,52508,2.644028
6308,6308008,44170,2.224170
6309,6309012,31559,1.589146
6310,6310009,19636,0.988766
6311,6311013,12771,0.643081
6312,6312009,13651,0.687393
6313,6313014,22005,1.108057
6314,6314012,34600,1.742275
6315,6315008,46491,2.341044
6316,6316012,53421,2.690002
6317,6317009,52476,2.642417
6318,6318013,44138,2.222559
6319,6319009,31687,1.595592
6320,6320013,19524,0.983127
6321,6321010,12771,0.643081
6322,6322009,13683,0.689004
6323,6323013,21989,1.107251
6324,6324009,34600,1.742275
6325,6325013,46587,2.345878
6326,6326009,53453,2.691614
6327,6327013,52508,2.644028
6328,6328010,44186,2.224976
6329,6329015,31543,1.588340
6330,6330012,19588,0.986349
6331,6331009,12771,0.643081
6332,6332013,13667,0.688199
6333,6333009,21989,1.107251
6334,6334013,34616,1.743081
6335,6335009,46523,2.342655
6336,6336013,53437,2.690808
6337,6337011,52444,2.640806
6338,6338008,44234,2.227393
6339,6339012,31575,1.589952
6340,6340008,19668,0.990378
6341,6341012,12755,0.642275
6342,6342009,13699,0.689810
6343,6343013,21989,1.107251
6344,6344009,34488,1.736635
6345,6345014,46571,2.345072
6346,6346012,53421,2.690002
6347,6347009,52476,2.642417
6348,6348013,44202,2.225782
6349,6349009,31607,1.591563
6350,6350013,19620,0.987961
6351,6351009,12803,0.644692
6352,6352013,13747,0.692227
6353,6353011,22053,1.110474
6354,6354009,34632,1.743886
6355,6355012,46507,2.341849
6356,6356009,53453,2.691614
6357,6357013,52540,2.645640
6358,6358009,44202,2.225782
6359,6359013,31639,1.593175
6360,6360009,19636,0.988766
6361,6361015,12803,0.644692
6362,6362012,13731,0.691421
6363,6363009,21813,1.098389
6364,6364013,34616,1.743081
6365,6365009,46603,2.346684
6366,6366013,53517,2.694836
6367,6367009,52620,2.649668
6368,6368013,44170,2.224170
6369,6369012,31671,1.594786
6370,6370010,19652,0.989572
6371,6371014,12803,0.644692
6372,6372010,13731,0.691421
6373,6373014,22069,1.111280
6374,6374010,34648,1.744692
6375,6375014,46603,2.346684
6376,6376011,53405,2.689196
6377,6377010,52476,2.642417
6378,6378015,44122,2.221753
6379,6379011,31895,1.606065
6380,6380008,19636,0.988766
6381,6381012,12771,0.643081
6382,6382008,13715,0.690616
6383,6383012,22005,1.108057
6384,6384009,34520,1.738247
6385,6385008,46523,2.342655
6386,6386013,53437,2.690808
6387,6387009,52492,2.643222
6388,6388013,44074,2.219336
6389,6389010,31575,1.589952
6390,6390014,19588,0.986349
6391,6391010,12787,0.643886
6392,6392014,13699,0.689810
6393,6393012,21989,1.107251
6394,6394010,34584,1.741469
6395,6395014,46603,2.346684
6396,6396011,53405,2.689196
6397,6397015,52492,2.643222
6398,6398011,44170,2.224170
6399,6399015,31559,1.589146
6400,6400011,19588,0.986349
6401,6401011,12771,0.643081
6402,6402008,13587,0.684170
6403,6403012,21877,1.101611
6404,6404008,34664,1.745498
6405,6405012,46683,2.350712
6406,6406009,53533,2.695642
6407,6407013,52412,2.639194
6408,6408009,44090,2.220142
6409,6409010,31479,1.585118
6410,6410014,19396,0.976681
6411,6411011,12611,0.635024
6412,6412015,13715,0.690616
6413,6413011,22069,1.111280
6414,6414015,34696,1.747109
6415,6415011,46635,2.348295
6416,6416008,53373,2.687585
6417,6417009,52492,2.643222
6418,6418014,44122,2.221753
6419,6419011,31559,1.589146
6420,6420015,19572,0.985544
6421,6421011,12803,0.644692
6422,6422008,13459,0.677725
6423,6423012,21957,1.105640
6424,6424008,34488,1.736635
6425,6425010,46571,2.345072
6426,6426010,53341,2.685974
6427,6427008,52444,2.640806
6428,6428012,44154,2.223364
6429,6429008,31655,1.593980
6430,6430012,19588,0.986349
6431,6431009,12771,0.643081
6432,6432013,13683,0.689004
6433,6433014,22005,1.108057
6434,6434011,34520,1.738247
6435,6435008,46539,2.343460
6436,6436012,53405,2.689196
6437,6437008,52540,2.645640
6438,6438012,44170,2.224170
6439,6439009,31687,1.595592
6440,6440013,19588,0.986349
6441,6441015,12755,0.642275
6442,6442012,13779,0.693838
6443,6443008,22021,1.108862
6444,6444012,34632,1.743886
6445,6445008,46667,2.349906
6446,6446012,53469,2.692419
6447,6447009,52524,2.644834
6448,6448013,44122,2.221753
6449,6449014,31543,1.588340
6450,6450013,19604,0.987155
6451,6451009,12739,0.641469
6452,6452013,13619,0.685782
6453,6453010,21893,1.102417
6454,6454014,34568,1.740664
6455,6455010,46491,2.341044
6456,6456014,53373,2.687585
6457,6457015,52444,2.640806
6458,6458013,44026,2.216919
6459,6459009,31591,1.590758
6460,6460013,19540,0.983932
6461,6461009,12723,0.640664
6462,6462013,13587,0.684170
6463,6463010,21973,1.106445
6464,6464014,34600,1.742275
6465,6465008,46539,2.343460
6466,6466008,53389,2.688391
6467,6467013,52524,2.644834
6468,6468010,44170,2.224170
6469,6469014,31543,1.588340
6470,6470010,19604,0.987155
6471,6471014,12771,0.643081
6472,6472010,13555,0.682559
6473,6473013,21973,1.106445
6474,6474010,34488,1.736635
6475,6475014,46411,2.337015
6476,6476011,53421,2.690002
6477,6477015,52652,2.651280
6478,6478011,44314,2.231421
6479,6479015,31623,1.592369
6480,6480011,19652,0.989572
6481,6481013,12771,0.643081
6482,6482010,13715,0.690616
6483,6483014,22053,1.110474
6484,6484011,34632,1.743886
6485,6485015,46651,2.349100
6486,6486011,53405,2.689196
6487,6487015,52524,2.644834
6488,6488011,44170,2.224170
6489,6489014,31527,1.587535
6490,6490011,19668,0.990378
6491,6491008,12819,0.645498
6492,6492012,13651,0.687393
6493,6493008,21989,1.107251
6494,6494012,34584,1.741469
6495,6495009,46443,2.338627
6496,6496013,53405,2.689196
6497,6497009,52524,2.644834
6498,6498013,44154,2.223364
6499,6499010,31575,1.589952
6500,6500014,19428,0.978292
6501,6501010,12707,0.639858
6502,6502014,13491,0.679336
6503,6503010,21829,1.099194
6504,6504014,34504,1.737441
6505,6505010,46459,2.339432
6506,6506015,53405,2.689196
6507,6507011,52412,2.639194
6508,6508015,44202,2.225782
6509,6509011,31431,1.582701
6510,6510008,19572,0.985544
6511,6511012,12675,0.638247
6512,6512008,13731,0.691421
6513,6513011,22053,1.110474
6514,6514009,34536,1.739052
6515,6515013,46587,2.345878
6516,6516010,53341,2.685974
6517,6517014,52460,2.641611
6518,6518010,44154,2.223364
6519,6519014,31463,1.584312
6520,6520011,19492,0.981515
6521,6521014,12739,0.641469
6522,6522011,13635,0.686587
6523,6523015,22021,1.108862
6524,6524011,34536,1.739052
6525,6525008,46523,2.342655
6526,6526012,53389,2.688391
6527,6527008,52540,2.645640
6528,6528012,44170,2.224170
6529,6529009,31591,1.590758
6530,6530014,19572,0.985544
6531,6531011,12771,0.643081
6532,6532015,13667,0.688199
6533,6533011,21973,1.106445
6534,6534015,34632,1.743886
6535,6535011,46571,2.345072
6536,6536008,53389,2.688391
6537,6537012,52444,2.640806
6538,6538008,44170,2.224170
6539,6539012,31543,1.588340
6540,6540009,19524,0.983127
6541,6541013,12739,0.641469
6542,6542009,13619,0.685782
6543,6543013,21989,1.107251
6544,6544009,34584,1.741469
6545,6545013,46587,2.345878
6546,6546010,53405,2.689196
6547,6547014,52508,2.644028
6548,6548010,44202,2.225782
6549,6549014,31527,1.587535
6550,6550011,19668,0.990378
6551,6551015,12771,0.643081
6552,6552011,13651,0.687393
6553,6553009,21973,1.106445
6554,6554015,34632,1.743886
6555,6555011,46587,2.345878
6556,6556015,53405,2.689196
6557,6557011,52524,2.644834
6558,6558008,44234,2.227393
6559,6559012,31591,1.590758
6560,6560008,19668,0.990378
6561,6561013,12755,0.642275
6562,6562011,13667,0.688199
6563,6563014,22005,1.108057
6564,6564011,34536,1.739052
6565,6565015,46587,2.345878
6566,6566011,53421,2.690002
6567,6567015,52476,2.642417
6568,6568011,44138,2.222559
6569,6569010,31639,1.593175
6570,6570015,19620,0.987961
6571,6571011,12771,0.643081
6572,6572008,13555,0.682559
6573,6573012,21925,1.104028
6574,6574008,34360,1.730190
6575,6575012,46267,2.329764
6576,6576008,53277,2.682751
6577,6577013,52460,2.641611
6578,6578011,44202,2.225782
6579,6579015,31607,1.591563
6580,6580011,19572,0.985544
6581,6581008,12787,0.643886
6582,6582012,13747,0.692227
6583,6583008,22005,1.108057
6584,6584012,34616,1.743081
6585,6585011,46603,2.346684
6586,6586009,53517,2.694836
6587,6587014,52620,2.649668
6588,6588010,44250,2.228198
6589,6589014,31639,1.593175
6590,6590010,19588,0.986349
6591,6591014,12787,0.643886
6592,6592011,13699,0.689810
6593,6593010,21941,1.104834
6594,6594009,34568,1.740664
6595,6595013,46603,2.346684
6596,6596009,53453,2.691614
6597,6597013,52508,2.644028
6598,6598009,44266,2.229004
6599,6599013,31607,1.591563
6600,6600010,19588,0.986349
6601,6601009,12835,0.646303
6602,6602015,13731,0.691421
6603,6603011,22037,1.109668
6604,6604008,34568,1.740664
6605,6605012,46603,2.346684
6606,6606008,53469,2.692419
6607,6607012,52476,2.642417
6608,6608009,44170,2.224170
6609,6609014,31527,1.587535
6610,6610012,19540,0.983932
6611,6611008,12803,0.644692
6612,6612012,13651,0.687393
6613,6613009,21989,1.107251
6614,6614013,34600,1.742275
6615,6615009,46523,2.342655
6616,6616013,53341,2.685974
6617,6617013,52428,2.640000
6618,6618011,44298,2.230616
6619,6619008,31735,1.598009
6620,6620012,19908,1.002463
6621,6621008,12819,0.645498
6622,6622012,13571,0.683365
6623,6623009,22069,1.111280
6624,6624013,34456,1.735024
6625,6625012,46571,2.345072
6626,6626010,53533,2.695642
6627,6627013,52588,2.648057
6628,6628010,44266,2.229004
6629,6629014,31639,1.593175
6630,6630010,19684,0.991183
6631,6631014,12627,0.635830
6632,6632010,13507,0.680142
6633,6633011,21813,1.098389
6634,6634009,34616,1.743081
6635,6635013,46683,2.350712
6636,6636010,53405,2.689196
6637,6637014,52524,2.644834
6638,6638010,44218,2.226587
6639,6639014,31607,1.591563
6640,6640011,19620,0.987961
6641,6641012,12771,0.643081
6642,6642009,13715,0.690616
6643,6643013,22005,1.108057
6644,6644009,34616,1.743081
6645,6645013,46635,2.348295
6646,6646009,53421,2.690002
6647,6647013,52524,2.644834
6648,6648010,44266,2.229004
6649,6649010,31623,1.592369
6650,6650014,19604,0.987155
6651,6651010,12771,0.643081
6652,6652014,13731,0.691421
6653,6653011,21973,1.106445
6654,6654015,34744,1.749526
6655,6655011,46603,2.346684
6656,6656015,53341,2.685974
6657,6657009,52492,2.643222
6658,6658014,44122,2.221753
6659,6659010,31495,1.585924
6660,6660014,19460,0.979904
6661,6661011,12563,0.632607
6662,6662015,13491,0.679336
6663,6663011,21845,1.100000
6664,6664015,34536,1.739052
6665,6665009,46427,2.337821
6666,6666015,53373,2.687585
6667,6667012,52460,2.641611
6668,6668009,44074,2.219336
6669,6669013,31415,1.581895
6670,6670009,19460,0.979904
6671,6671013,12771,0.643081
6672,6672009,13651,0.687393
6673,6673011,22053,1.110474
6674,6674012,34632,1.743886
6675,6675008,46619,2.347489
6676,6676012,53517,2.694836
6677,6677008,52668,2.652085
6678,6678012,44250,2.228198
6679,6679009,31719,1.597203
6680,6680013,19460,0.979904
6681,6681015,12755,0.642275
6682,6682013,13731,0.691421
6683,6683009,22053,1.110474
6684,6684013,34648,1.744692
6685,6685009,46619,2.347489
6686,6686013,53469,2.692419
6687,6687010,52588,2.648057
6688,6688014,44170,2.224170
6689,6689008,31671,1.594786
6690,6690014,19572,0.985544
6691,6691010,12835,0.646303
6692,6692014,13763,0.693033
6693,6693010,21957,1.105640
6694,6694014,34696,1.747109
6695,6695011,46619,2.347489
6696,6696015,53453,2.691614
6697,6697008,52588,2.648057
6698,6698013,44186,2.224976
6699,6699010,31655,1.593980
6700,6700014,19588,0.986349
6701,6701010,12739,0.641469
6702,6702014,13715,0.690616
6703,6703010,21973,1.106445
6704,6704014,34616,1.743081
6705,6705009,46507,2.341849
6706,6706015,53437,2.690808
6707,6707012,52540,2.645640
6708,6708008,44266,2.229004
6709,6709012,31431,1.582701
6710,6710009,19636,0.988766
6711,6711013,12771,0.643081
6712,6712009,13635,0.686587
6713,6713011,21973,1.106445
6714,6714010,34632,1.743886
6715,6715014,46603,2.346684
6716,6716010,53389,2.688391
6717,6717014,52492,2.643222
6718,6718011,44170,2.224170
6719,6719015,31527,1.587535
6720,6720011,19588,0.986349
6721,6721013,12771,0.643081
6722,6722010,13731,0.691421
6723,6723014,22037,1.109668
6724,6724010,34504,1.737441
6725,6725014,46571,2.345072
6726,6726011,53437,2.690808
6727,6727015,52508,2.644028
6728,6728011,44170,2.224170
6729,6729014,31543,1.588340
6730,6730011,19636,0.988766
6731,6731014,12755,0.642275
6732,6732011,13667,0.688199
6733,6733015,22069,1.111280
6734,6734011,34552,1.739858
6735,6735015,46619,2.347489
6736,6736011,53437,2.690808
6737,6737008,52300,2.633554
6738,6738014,44138,2.222559
6739,6739010,31591,1.590758
6740,6740014,19588,0.986349
6741,6741011,12723,0.640664
6742,6742015,13699,0.689810
6743,6743011,21829,1.099194
6744,6744015,34568,1.740664
6745,6745010,46539,2.343460
6746,6746014,53325,2.685168
6747,6747011,52396,2.638389
6748,6748015,44138,2.222559
6749,6749011,31671,1.594786
6750,6750015,19588,0.986349
6751,6751011,12771,0.643081
6752,6752008,13715,0.690616
6753,6753012,21925,1.104028
6754,6754010,34664,1.745498
6755,6755014,46651,2.349100
6756,6756011,53421,2.690002
6757,6757015,52572,2.647251
6758,6758011,44250,2.228198
6759,6759015,31543,1.588340
6760,6760011,19588,0.986349
6761,6761014,12739,0.641469
6762,6762011,13699,0.689810
6763,6763015,22037,1.109668
6764,6764011,34568,1.740664
6765,6765015,46587,2.345878
6766,6766011,53421,2.690002
6767,6767008,52508,2.644028
6768,6768012,44154,2.223364
6769,6769008,31607,1.591563
6770,6770012,19620,0.987961
6771,6771009,12787,0.643886
6772,6772013,13715,0.690616
6773,6773009,21941,1.104834
6774,6774013,34584,1.741469
6775,6775010,46491,2.341044
6776,6776014,53405,2.689196
6777,6777010,52476,2.642417
6778,6778010,44186,2.224976
6779,6779014,31687,1.595592
6780,6780010,19620,0.987961
6781,6781014,12707,0.639858
6782,6782010,13523,0.680948
6783,6783014,21925,1.104028
6784,6784011,34424,1.733413
6785,6785008,46395,2.336210
6786,6786013,53405,2.689196
6787,6787009,52460,2.641611
6788,6788013,44170,2.224170
6789,6789009,31639,1.593175
6790,6790013,19556,0.984738
6791,6791010,12563,0.632607
6792,6792014,13619,0.685782
6793,6793011,21797,1.097583
6794,6794008,34376,1.730996
6795,6795012,46539,2.343460
6796,6796008,53389,2.688391
6797,6797012,52380,2.637583
6798,6798008,44282,2.229810
6799,6799012,31511,1.586729
6800,6800009,19460,0.979904
6801,6801014,12611,0.635024
6802,6802012,13571,0.683365
6803,6803009,22005,1.108057
6804,6804013,34504,1.737441
6805,6805009,46475,2.340238
6806,6806013,53357,2.686780
6807,6807009,52428,2.640000
6808,6808013,44042,2.217725
6809,6809011,31495,1.585924
6810,6810010,19460,0.979904
6811,6811015,12579,0.633413
6812,6812011,13555,0.682559
6813,6813015,21877,1.101611
6814,6814011,34392,1.731801
6815,6815008,46363,2.334598
6816,6816012,53565,2.697253
6817,6817010,52492,2.643222
6818,6818014,44250,2.228198
6819,6819011,31655,1.593980
6820,6820015,19604,0.987155
6821,6821011,12787,0.643886
6822,6822015,13667,0.688199
6823,6823011,21957,1.105640
6824,6824008,34584,1.741469
6825,6825014,46619,2.347489
6826,6826011,53389,2.688391
6827,6827015,52524,2.644834
6828,6828011,44138,2.222559
6829,6829015,31495,1.585924
6830,6830011,19460,0.979904
6831,6831008,12675,0.638247
6832,6832012,13651,0.687393
6833,6833011,21861,1.100806
6834,6834015,34504,1.737441
6835,6835011,46427,2.337821
6836,6836008,53533,2.695642
6837,6837012,52396,2.638389
6838,6838008,44346,2.233033
6839,6839012,31655,1.593980
6840,6840009,19636,0.988766
6841,6841009,12883,0.648720
6842,6842013,13699,0.689810
6843,6843010,22021,1.108862
6844,6844014,34616,1.743081
6845,6845010,46651,2.349100
6846,6846014,53565,2.697253
6847,6847011,52588,2.648057
6848,6848015,44186,2.224976
6849,6849014,31575,1.589952
6850,6850011,19636,0.988766
6851,6851015,12771,0.643081
6852,6852011,13715,0.690616
6853,6853008,21957,1.105640
6854,6854012,34568,1.740664
6855,6855008,46539,2.343460
6856,6856012,53405,2.689196
6857,6857013,52492,2.643222
6858,6858009,44138,2.222559
6859,6859013,31559,1.589146
6860,6860010,19620,0.987961
6861,6861014,12771,0.643081
6862,6862010,13715,0.690616
6863,6863014,22021,1.108862
6864,6864010,34552,1.739858
6865,6865010,46491,2.341044
6866,6866015,53421,2.690002
6867,6867011,52524,2.644834
6868,6868015,44154,2.223364
6869,6869011,31671,1.594786
6870,6870008,19668,0.990378
6871,6871012,12755,0.642275
6872,6872008,13635,0.686587
6873,6873008,21925,1.104028
6874,6874013,34568,1.740664
6875,6875009,46523,2.342655
6876,6876013,53309,2.684362
6877,6877009,52332,2.635166
6878,6878013,44090,2.220142
6879,6879010,31431,1.582701
6880,6880014,19524,0.983127
6881,6881013,12531,0.630996
6882,6882010,13491,0.679336
6883,6883014,21909,1.103223
6884,6884010,34440,1.734218
6885,6885014,46443,2.338627
6886,6886010,53389,2.688391
6887,6887014,52540,2.645640
6888,6888011,44106,2.220948
6889,6889011,31479,1.585118
6890,6890009,19524,0.983127
6891,6891012,12707,0.639858
6892,6892009,13491,0.679336
6893,6893013,21957,1.105640
6894,6894009,34360,1.730190
6895,6895013,46411,2.337015
6896,6896009,53244,2.681089
6897,6897010,52348,2.635972
6898,6898008,44170,2.224170
6899,6899012,31463,1.584312
6900,6900009,19540,0.983932
6901,6901013,12707,0.639858
6902,6902009,13699,0.689810
6903,6903013,21957,1.105640
6904,6904009,34616,1.743081
6905,6905011,46587,2.345878
6906,6906009,53389,2.688391
6907,6907013,52540,2.645640
6908,6908010,44314,2.231421
6909,6909014,31671,1.594786
6910,6910010,19684,0.991183
6911,6911014,12771,0.643081
6912,6912011,13683,0.689004
6913,6913012,22005,1.108057
6914,6914012,34504,1.737441
6915,6915008,46523,2.342655
6916,6916012,53421,2.690002
6917,6917008,52524,2.644834
6918,6918012,44186,2.224976
6919,6919009,31655,1.593980
6920,6920013,19604,0.987155
6921,6921015,12771,0.643081
6922,6922013,13667,0.688199
6923,6923009,21957,1.105640
6924,6924013,34600,1.742275
6925,6925009,46571,2.345072
6926,6926013,53453,2.691614
6927,6927010,52540,2.645640
6928,6928014,44170,2.224170
6929,6929014,31655,1.593980
6930,6930013,19556,0.984738
6931,6931009,12803,0.644692
6932,6932013,13715,0.690616
6933,6933009,21813,1.098389
6934,6934013,34472,1.735830
6935,6935010,46619,2.347489
6936,6936014,53309,2.684362
6937,6937009,52620,2.649668
6938,6938015,44058,2.218530
6939,6939012,31639,1.593175
6940,6940009,19652,0.989572
6941,6941013,12803,0.644692
6942,6942009,13731,0.691421
6943,6943013,22021,1.108862
6944,6944009,34568,1.740664
6945,6945011,46619,2.347489
6946,6946009,53469,2.692419
6947,6947013,52508,2.644028
6948,6948010,44186,2.224976
6949,6949014,31559,1.589146
6950,6950010,19636,0.988766
6951,6951014,12787,0.643886
6952,6952010,13667,0.688199
6953,6953013,21973,1.106445
6954,6954011,34552,1.739858
6955,6955015,46587,2.345878
6956,6956011,53389,2.688391
6957,6957008,52476,2.642417
6958,6958012,44170,2.224170
6959,6959008,31495,1.585924
6960,6960012,19540,0.983932
6961,6961015,12659,0.637441
6962,6962013,13715,0.690616
6963,6963010,21973,1.106445
6964,6964014,34600,1.742275
6965,6965010,46523,2.342655
6966,6966014,53421,2.690002
6967,6967010,52380,2.637583
6968,6968014,44074,2.219336
6969,6969010,31607,1.591563
6970,6970015,19444,0.979098
6971,6971012,12755,0.642275
6972,6972008,13587,0.684170
6973,6973012,21845,1.100000
6974,6974008,34376,1.730996
6975,6975012,46459,2.339432
6976,6976009,53517,2.694836
6977,6977013,52652,2.651280
6978,6978009,44330,2.232227
6979,6979013,31607,1.591563
6980,6980009,19636,0.988766
6981,6981013,12755,0.642275
6982,6982010,13683,0.689004
6983,6983014,22021,1.108862
6984,6984010,34552,1.739858
6985,6985008,46571,2.345072
6986,6986015,53389,2.688391
6987,6987011,52476,2.642417
6988,6988008,44282,2.229810
6989,6989012,31591,1.590758
6990,6990008,19652,0.989572
6991,6991012,12755,0.642275
6992,6992008,13651,0.687393
6993,6993012,22005,1.108057
6994,6994012,34552,1.739858
6995,6995008,46523,2.342655
6996,6996012,53357,2.686780
6997,6997008,52556,2.646445
6998,6998012,44138,2.222559
6999,6999009,31831,1.602843
7000,7000013,19556,0.984738
7001,7001009,12787,0.643886
7002,7002009,13683,0.689004
7003,7003013,22021,1.108862
7004,7004009,34568,1.740664
7005,7005013,46651,2.349100
7006,7006009,53485,2.693225
7007,7007013,52604,2.648862
7008,7008010,44330,2.232227
7009,7009014,31671,1.594786
7010,7010013,19620,0.987961
7011,7011010,12787,0.643886
7012,7012014,13779,0.693838
7013,7013011,21861,1.100806
7014,7014015,34664,1.745498
7015,7015011,46603,2.346684
7016,7016015,53501,2.694030
7017,7017012,52540,2.645640
7018,7018010,44218,2.226587
7019,7019014,31543,1.588340
7020,7020011,19588,0.986349
7021,7021015,12739,0.641469
7022,7022011,13699,0.689810
7023,7023015,22021,1.108862
7024,7024011,34536,1.739052
7025,7025009,46539,2.343460
7026,7026014,53421,2.690002
7027,7027011,52476,2.642417
7028,7028015,44122,2.221753
7029,7029011,31463,1.584312
7030,7030015,19588,0.986349
7031,7031011,12643,0.636635
7032,7032008,13555,0.682559
7033,7033014,21989,1.107251
7034,7034012,34568,1.740664
7035,7035008,46379,2.335404
7036,7036012,53325,2.685168
7037,7037008,52556,2.646445
7038,7038012,44138,2.222559
7039,7039009,31575,1.589952
7040,7040013,19588,0.986349
7041,7041011,12755,0.642275
7042,7042009,13587,0.684170
7043,7043013,21893,1.102417
7044,7044009,34360,1.730190
7045,7045013,46619,2.347489
7046,7046010,53389,2.688391
7047,7047014,52588,2.648057
7048,7048010,44186,2.224976
7049,7049008,31639,1.593175
7050,7050014,19588,0.986349
7051,7051010,12755,0.642275
7052,7052014,13715,0.690616
7053,7053011,21989,1.107251
7054,7054015,34600,1.742275
7055,7055011,46475,2.340238
7056,7056015,53389,2.688391
7057,7057014,52524,2.644834
7058,7058014,44106,2.220948
7059,7059012,31527,1.587535
7060,7060008,19620,0.987961
7061,7061012,12691,0.639052
7062,7062009,13747,0.692227
7063,7063013,21973,1.106445
7064,7064009,34536,1.739052
7065,7065008,46459,2.339432
7066,7066013,53357,2.686780
7067,7067009,52428,2.640000
7068,7068013,43914,2.211279
7069,7069010,31671,1.594786
7070,7070014,19572,0.985544
7071,7071010,12707,0.639858
7072,7072014,13635,0.686587
7073,7073014,21829,1.099194
7074,7074011,34648,1.744692
7075,7075015,46651,2.349100
7076,7076011,53373,2.687585
7077,7077008,52572,2.647251
7078,7078012,44282,2.229810
7079,7079008,31687,1.595592
7080,7080012,19636,0.988766
7081,7081011,12819,0.645498
7082,7082009,13683,0.689004
7083,7083013,22037,1.109668
7084,7084009,34552,1.739858
7085,7085013,46619,2.347489
7086,7086009,53437,2.690808
7087,7087013,52556,2.646445
7088,7088010,44234,2.227393
7089,7089009,31607,1.591563
7090,7090015,19604,0.987155
7091,7091011,12771,0.643081
7092,7092008,13619,0.685782
7093,7093012,21973,1.106445
7094,7094008,34568,1.740664
7095,7095012,46523,2.342655
7096,7096009,53421,2.690002
7097,7097008,52524,2.644834
7098,7098012,44186,2.224976
7099,7099009,31655,1.593980
7100,7100013,19620,0.987961
7101,7101009,12803,0.644692
7102,7102013,13699,0.689810
7103,7103009,21941,1.104834
7104,7104013,34536,1.739052
7105,7105014,46539,2.343460
7106,7106011,53389,2.688391
7107,7107015,52492,2.643222
7108,7108011,44138,2.222559
7109,7109008,31639,1.593175
7110,7110012,19588,0.986349
7111,7111008,12723,0.640664
7112,7112012,13571,0.683365
7113,7113013,22021,1.108862
7114,7114010,34552,1.739858
7115,7115014,46571,2.345072
7116,7116010,53405,2.689196
7117,7117014,52508,2.644028
7118,7118011,44202,2.225782
7119,7119015,31559,1.589146
7120,7120011,19572,0.985544
7121,7121012,12723,0.640664
7122,7122009,13619,0.685782
7123,7123013,21909,1.103223
7124,7124009,34488,1.736635
7125,7125013,46523,2.342655
7126,7126009,53277,2.682751
7127,7127013,52428,2.640000
7128,7128010,44090,2.220142
7129,7129011,31447,1.583506
7130,7130009,19412,0.977487
7131,7131013,12611,0.635024
7132,7132010,13475,0.678531
7133,7133014,21989,1.107251
7134,7134010,34600,1.742275
7135,7135014,46715,2.352323
7136,7136010,53405,2.689196
7137,7137012,52604,2.648862
7138,7138011,44314,2.231421
7139,7139015,31575,1.589952
7140,7140011,19588,0.986349
7141,7141008,12723,0.640664
7142,7142012,13683,0.689004
7143,7143008,21973,1.106445
7144,7144012,34584,1.741469
7145,7145013,46587,2.345878
7146,7146010,53421,2.690002
7147,7147014,52460,2.641611
7148,7148010,44170,2.224170
7149,7149014,31623,1.592369
7150,7150011,19652,0.989572
7151,7151015,12771,0.643081
7152,7152011,13651,0.687393
7153,7153013,21957,1.105640
7154,7154011,34584,1.741469
7155,7155015,46603,2.346684
7156,7156011,53325,2.685168
7157,7157008,52492,2.643222
7158,7158012,44042,2.217725
7159,7159008,31511,1.586729
7160,7160012,19396,0.976681
7161,7161015,12723,0.640664
7162,7162013,13651,0.687393
7163,7163009,21893,1.102417
7164,7164013,34584,1.741469
7165,7165009,46507,2.341849
7166,7166013,53389,2.688391
7167,7167010,52476,2.642417
7168,7168014,44058,2.218530
7169,7169009,31639,1.593175
7170,7170013,19444,0.979098
7171,7171009,12579,0.633413
7172,7172013,13619,0.685782
7173,7173010,21973,1.106445
7174,7174014,34728,1.748720
7175,7175010,46603,2.346684
7176,7176014,53453,2.691614
7177,7177010,52508,2.644028
7178,7178014,44170,2.224170
7179,7179011,31591,1.590758
7180,7180015,19540,0.983932
7181,7181011,12755,0.642275
7182,7182015,13683,0.689004
7183,7183011,21957,1.105640
7184,7184008,34472,1.735830
7185,7185012,46555,2.344266
7186,7186011,53485,2.693225
7187,7187015,52524,2.644834
7188,7188012,44138,2.222559
7189,7189008,31623,1.592369
7190,7190012,19636,0.988766
7191,7191008,12755,0.642275
7192,7192012,13635,0.686587
7193,7193008,21893,1.102417
7194,7194013,34584,1.741469
7195,7195010,46459,2.339432
7196,7196014,53357,2.686780
7197,7197010,52492,2.643222
7198,7198014,44090,2.220142
7199,7199010,31575,1.589952
7200,7200014,19572,0.985544
7201,7201010,12771,0.643081
7202,7202015,13699,0.689810
7203,7203011,21973,1.106445
7204,7204008,34488,1.736635
7205,7205012,46539,2.343460
7206,7206008,53277,2.682751
7207,7207012,52396,2.638389
7208,7208009,44298,2.230616
7209,7209013,31655,1.593980
7210,7210011,19604,0.987155
7211,7211008,12659,0.637441
7212,7212012,13667,0.688199
7213,7213009,21973,1.106445
7214,7214013,34696,1.747109
7215,7215009,46635,2.348295
7216,7216013,53469,2.692419
7217,7217010,52572,2.647251
7218,7218014,44250,2.228198
7219,7219010,31751,1.598814
7220,7220014,19588,0.986349
7221,7221010,12659,0.637441
7222,7222014,13715,0.690616
7223,7223011,21989,1.107251
7224,7224015,34584,1.741469
7225,7225012,46523,2.342655
7226,7226012,53325,2.685168
7227,7227009,52396,2.638389
7228,7228013,44010,2.216114
7229,7229009,31719,1.597203
7230,7230013,19636,0.988766
7231,7231009,12803,0.644692
7232,7232013,13715,0.690616
7233,7233011,22021,1.108862
7234,7234015,34488,1.736635
7235,7235012,46379,2.335404
7236,7236008,53533,2.695642
7237,7237012,52620,2.649668
7238,7238008,44298,2.230616
7239,7239012,31623,1.592369
7240,7240009,19652,0.989572
7241,7241014,12787,0.643886
7242,7242012,13667,0.688199
7243,7243008,21925,1.104028
7244,7244012,34616,1.743081
7245,7245008,46523,2.342655
7246,7246012,53421,2.690002
7247,7247009,52524,2.644834
7248,7248013,44122,2.221753
7249,7249009,31639,1.593175
7250,7250015,19588,0.986349
7251,7251011,12755,0.642275
7252,7252015,13715,0.690616
7253,7253011,21957,1.105640
7254,7254008,34488,1.736635
7255,7255012,46523,2.342655
7256,7256008,53261,2.681946
7257,7257014,52444,2.640806
7258,7258013,43930,2.212085
7259,7259009,31479,1.585118
7260,7260013,19428,0.978292
7261,7261010,12771,0.643081
7262,7262014,13523,0.680948
7263,7263010,22021,1.108862
7264,7264014,34504,1.737441
7265,7265011,46731,2.353129
7266,7266009,53485,2.693225
7267,7267013,52540,2.645640
7268,7268010,44346,2.233033
7269,7269014,31703,1.596397
7270,7270010,19684,0.991183
7271,7271014,12835,0.646303
7272,7272011,13699,0.689810
7273,7273008,21973,1.106445
7274,7274015,34648,1.744692
7275,7275012,46587,2.345878
7276,7276008,53437,2.690808
7277,7277012,52604,2.648862
7278,7278008,44362,2.233838
7279,7279012,31687,1.595592
7280,7280009,19732,0.993600
7281,7281008,12787,0.643886
7282,7282013,13699,0.689810
7283,7283009,21909,1.103223
7284,7284013,34568,1.740664
7285,7285009,46587,2.345878
7286,7286013,53453,2.691614
7287,7287010,52508,2.644028
7288,7288014,44234,2.227393
7289,7289013,31591,1.590758
7290,7290010,19604,0.987155
7291,7291014,12771,0.643081
7292,7292011,13683,0.689004
7293,7293015,22037,1.109668
7294,7294011,34536,1.739052
7295,7295015,46571,2.345072
7296,7296011,53437,2.690808
7297,7297011,52476,2.642417
7298,7298009,44234,2.227393
7299,7299013,31559,1.589146
7300,7300010,19572,0.985544
7301,7301014,12723,0.640664
7302,7302010,13571,0.683365
7303,7303014,21973,1.106445
7304,7304010,34408,1.732607
7305,7305009,46491,2.341044
7306,7306015,53405,2.689196
7307,7307011,52396,2.638389
7308,7308008,44346,2.233033
7309,7309012,31479,1.585118
7310,7310008,19716,0.992795
7311,7311012,12835,0.646303
7312,7312009,13683,0.689004
7313,7313008,21957,1.105640
7314,7314014,34616,1.743081
7315,7315010,46507,2.341849
7316,7316014,53341,2.685974
7317,7317010,52556,2.646445
7318,7318014,44170,2.224170
7319,7319011,31639,1.593175
7320,7320015,19588,0.986349
7321,7321015,12819,0.645498
7322,7322012,13603,0.684976
7323,7323008,21845,1.100000
7324,7324012,34664,1.745498
7325,7325009,46635,2.348295
7326,7326013,53517,2.694836
7327,7327009,52492,2.643222
7328,7328013,44170,2.224170
7329,7329014,31575,1.589952
7330,7330013,19636,0.988766
7331,7331010,12787,0.643886
7332,7332014,13667,0.688199
7333,7333010,21989,1.107251
7334,7334014,34632,1.743886
7335,7335010,46507,2.341849
7336,7336014,53405,2.689196
7337,7337015,52444,2.640806
7338,7338012,44234,2.227393
7339,7339008,31639,1.593175
7340,7340012,19620,0.987961
7341,7341009,12819,0.645498
7342,7342013,13699,0.689810
7343,7343009,21925,1.104028
7344,7344013,34600,1.742275
7345,7345015,46603,2.346684
7346,7346013,53389,2.688391
7347,7347009,52460,2.641611
7348,7348013,44154,2.223364
7349,7349010,31655,1.593980
7350,7350014,19636,0.988766
7351,7351010,12675,0.638247
7352,7352014,13571,0.683365
7353,7353008,21861,1.100806
7354,7354015,34488,1.736635
7355,7355012,46667,2.349906
7356,7356008,53533,2.695642
7357,7357012,52460,2.641611
7358,7358008,44362,2.233838
7359,7359012,31559,1.589146
7360,7360009,19636,0.988766
7361,7361011,12595,0.634218
7362,7362010,13667,0.688199
7363,7363014,21989,1.107251
7364,7364010,34536,1.739052
7365,7365014,46619,2.347489
7366,7366010,53405,2.689196
7367,7367014,52492,2.643222
7368,7368011,44218,2.226587
7369,7369012,31575,1.589952
7370,7370011,19604,0.987155
7371,7371008,12739,0.641469
7372,7372012,13635,0.686587
7373,7373008,21893,1.102417
7374,7374012,34520,1.738247
7375,7375008,46603,2.346684
7376,7376012,53517,2.694836
7377,7377014,52540,2.645640
7378,7378012,44122,2.221753
7379,7379009,31703,1.596397
7380,7380013,19428,0.978292
7381,7381009,12755,0.642275
7382,7382013,13539,0.681753
7383,7383009,21989,1.107251
7384,7384013,34632,1.743886
7385,7385009,46667,2.349906
7386,7386013,53501,2.694030
7387,7387010,52588,2.648057
7388,7388014,44202,2.225782
7389,7389010,31607,1.591563
7390,7390014,19460,0.979904
7391,7391010,12755,0.642275
7392,7392014,13523,0.680948
7393,7393010,21957,1.105640
7394,7394010,34488,1.736635
7395,7395014,46555,2.344266
7396,7396010,53373,2.687585
7397,7397014,52492,2.643222
7398,7398010,44186,2.224976
7399,7399014,31511,1.586729
7400,7400011,19604,0.987155
7401,7401013,12739,0.641469
7402,7402010,13667,0.688199
7403,7403014,21957,1.105640
7404,7404011,34536,1.739052
7405,7405015,46523,2.342655
7406,7406011,53405,2.689196
7407,7407015,52460,2.641611
7408,7408011,44170,2.224170
7409,7409013,31559,1.589146
7410,7410012,19620,0.987961
7411,7411008,12723,0.640664
7412,7412012,13635,0.686587
7413,7413008,21797,1.097583
7414,7414012,34504,1.737441
7415,7415009,46411,2.337015
7416,7416013,53228,2.680284
7417,7417008,52460,2.641611
7418,7418013,44010,2.216114
7419,7419009,31415,1.581895
7420,7420013,19492,0.981515
7421,7421010,12547,0.631801
7422,7422014,13747,0.692227
7423,7423010,21845,1.100000
7424,7424014,34568,1.740664
7425,7425011,46555,2.344266
7426,7426008,53389,2.688391
7427,7427012,52412,2.639194
7428,7428009,44170,2.224170
7429,7429013,31479,1.585118
7430,7430009,19588,0.986349
7431,7431013,12691,0.639052
7432,7432009,13635,0.686587
7433,7433013,21989,1.107251
7434,7434011,34616,1.743081
7435,7435008,46523,2.342655
7436,7436012,53421,2.690002
7437,7437008,52460,2.641611
7438,7438012,44186,2.224976
7439,7439008,31655,1.593980
7440,7440012,19588,0.986349
7441,7441008,12739,0.641469
7442,7442013,13603,0.684976
7443,7443009,21861,1.100806
7444,7444013,34584,1.741469
7445,7445009,46267,2.329764
7446,7446013,53469,2.692419
7447,7447010,52444,2.640806
7448,7448014,44090,2.220142
7449,7449010,31415,1.581895
7450,7450014,19396,0.976681
7451,7451010,12595,0.634218
7452,7452014,13619,0.685782
7453,7453011,21925,1.104028
7454,7454015,34552,1.739858
7455,7455011,46507,2.341849
7456,7456015,53405,2.689196
7457,7457012,52460,2.641611
7458,7458011,44186,2.224976
7459,7459015,31511,1.586729
7460,7460011,19540,0.983932
7461,7461008,12611,0.635024
7462,7462012,13555,0.682559
7463,7463008,21909,1.103223
7464,7464012,34568,1.740664
7465,7465009,46443,2.338627
7466,7466008,53533,2.695642
7467,7467012,52620,2.649668
7468,7468008,44266,2.229004
7469,7469012,31671,1.594786
7470,7470009,19684,0.991183
7471,7471013,12787,0.643886
7472,7472009,13635,0.686587
7473,7473014,22005,1.108057
7474,7474010,34584,1.741469
7475,7475014,46587,2.345878
7476,7476010,53437,2.690808
7477,7477014,52524,2.644834
7478,7478011,44186,2.224976
7479,7479015,31639,1.593175
7480,7480011,19636,0.988766
7481,7481008,12803,0.644692
7482,7482013,13667,0.688199
7483,7483010,21973,1.106445
7484,7484014,34568,1.740664
7485,7485010,46539,2.343460
7486,7486014,53469,2.692419
7487,7487010,52524,2.644834
7488,7488014,44122,2.221753
7489,7489013,31623,1.592369
7490,7490011,19636,0.988766
7491,7491015,12739,0.641469
7492,7492011,13651,0.687393
7493,7493015,22021,1.108862
7494,7494011,34536,1.739052
7495,7495008,46491,2.341044
7496,7496012,53389,2.688391
7497,7497010,52492,2.643222
7498,7498008,44170,2.224170
7499,7499012,31447,1.583506
7500,7500008,19732,0.993600
7501,7501012,12803,0.644692
7502,7502009,13747,0.692227
7503,7503013,22053,1.110474
7504,7504009,34568,1.740664
7505,7505008,46587,2.345878
7506,7506014,53501,2.694030
7507,7507010,52540,2.645640
7508,7508014,44218,2.226587
7509,7509011,31639,1.593175
7510,7510015,19556,0.984738
7511,7511011,12739,0.641469
7512,7512015,13715,0.690616
7513,7513013,22021,1.108862
7514,7514012,34584,1.741469
7515,7515008,46507,2.341849
7516,7516012,53421,2.690002
7517,7517009,52508,2.644028
7518,7518013,44170,2.224170
7519,7519009,31543,1.588340
7520,7520013,19764,0.995212
7521,7521011,12771,0.643081
7522,7522008,13555,0.682559
7523,7523012,22037,1.109668
7524,7524009,34616,1.743081
7525,7525013,46635,2.348295
7526,7526009,53485,2.693225
7527,7527013,52620,2.649668
7528,7528009,44218,2.226587
7529,7529009,31687,1.595592
7530,7530015,19588,0.986349
7531,7531011,12803,0.644692
7532,7532008,13635,0.686587
7533,7533012,21973,1.106445
7534,7534008,34584,1.741469
7535,7535012,46539,2.343460
7536,7536009,53389,2.688391
7537,7537009,52476,2.642417
7538,7538014,44218,2.226587
7539,7539010,31671,1.594786
7540,7540014,19588,0.986349
7541,7541011,12819,0.645498
7542,7542015,13715,0.690616
7543,7543011,22021,1.108862
7544,7544015,34680,1.746303
7545,7545008,46667,2.349906
7546,7546013,53325,2.685168
7547,7547010,52412,2.639194
7548,7548014,44122,2.221753
7549,7549010,31639,1.593175
7550,7550014,19572,0.985544
7551,7551010,12755,0.642275
7552,7552014,13683,0.689004
7553,7553008,21941,1.104834
7554,7554014,34600,1.742275
7555,7555011,46539,2.343460
7556,7556015,53389,2.688391
7557,7557011,52524,2.644834
7558,7558015,44186,2.224976
7559,7559011,31623,1.592369
7560,7560008,19684,0.991183
7561,7561008,12755,0.642275
7562,7562013,13555,0.682559
7563,7563010,22005,1.108057
7564,7564013,34632,1.743886
7565,7565010,46571,2.345072
7566,7566014,53421,2.690002
7567,7567010,52508,2.644028
7568,7568014,44154,2.223364
7569,7569014,31575,1.589952
7570,7570012,19588,0.986349
7571,7571008,12771,0.643081
7572,7572012,13667,0.688199
7573,7573009,21957,1.105640
7574,7574013,34568,1.740664
7575,7575009,46507,2.341849
7576,7576013,53357,2.686780
7577,7577014,52396,2.638389
7578,7578011,44202,2.225782
7579,7579008,31575,1.589952
7580,7580012,19380,0.975875
7581,7581008,12483,0.628579
7582,7582012,13651,0.687393
7583,7583009,22021,1.108862
7584,7584013,34440,1.734218
7585,7585013,46651,2.349100
7586,7586011,53453,2.691614
7587,7587015,52476,2.642417
7588,7588012,44330,2.232227
7589,7589008,31719,1.597203
7590,7590012,19668,0.990378
7591,7591008,12563,0.632607
7592,7592012,13491,0.679336
7593,7593014,21861,1.100806
7594,7594011,34456,1.735024
7595,7595015,46443,2.338627
7596,7596012,53309,2.684362
7597,7597008,52572,2.647251
7598,7598012,44202,2.225782
7599,7599008,31671,1.594786
7600,7600012,19652,0.989572
7601,7601014,12819,0.645498
7602,7602010,13715,0.690616
7603,7603014,22053,1.110474
7604,7604011,34632,1.743886
7605,7605015,46667,2.349906
7606,7606011,53453,2.691614
7607,7607015,52476,2.642417
7608,7608011,44202,2.225782
7609,7609013,31559,1.589146
7610,7610010,19636,0.988766
7611,7611014,12819,0.645498
7612,7612010,13715,0.690616
7613,7613014,22021,1.108862
7614,7614010,34520,1.738247
7615,7615014,46555,2.344266
7616,7616011,53293,2.683557
7617,7617013,52524,2.644834
7618,7618009,44202,2.225782
7619,7619013,31575,1.589952
7620,7620010,19652,0.989572
7621,7621014,12707,0.639858
7622,7622010,13667,0.688199
7623,7623014,22021,1.108862
7624,7624011,34520,1.738247
7625,7625013,46555,2.344266
7626,7626010,53373,2.687585
7627,7627014,52476,2.642417
7628,7628011,44218,2.226587
7629,7629015,31559,1.589146
7630,7630011,19604,0.987155
7631,7631015,12659,0.637441
7632,7632011,13571,0.683365
7633,7633014,21957,1.105640
7634,7634012,34568,1.740664
7635,7635009,46331,2.332987
7636,7636013,53613,2.699670
7637,7637009,52572,2.647251
7638,7638013,44122,2.221753
7639,7639009,31703,1.596397
7640,7640013,19620,0.987961
7641,7641008,12787,0.643886
7642,7642015,13715,0.690616
7643,7643012,21989,1.107251
7644,7644008,34536,1.739052
7645,7645012,46619,2.347489
7646,7646009,53357,2.686780
7647,7647013,52540,2.645640
7648,7648009,44202,2.225782
7649,7649013,31607,1.591563
7650,7650010,19700,0.991989
7651,7651014,12771,0.643081
7652,7652010,13715,0.690616
7653,7653014,21989,1.107251
7654,7654011,34552,1.739858
7655,7655015,46539,2.343460
7656,7656011,53373,2.687585
7657,7657014,52444,2.640806
7658,7658013,44106,2.220948
7659,7659009,31591,1.590758
7660,7660013,19460,0.979904
7661,7661010,12675,0.638247
7662,7662014,13619,0.685782
7663,7663010,21877,1.101611
7664,7664014,34408,1.732607
7665,7665012,46683,2.350712
7666,7666009,53485,2.693225
7667,7667013,52588,2.648057
7668,7668010,44266,2.229004
7669,7669014,31655,1.593980
7670,7670010,19684,0.991183
7671,7671014,12819,0.645498
7672,7672010,13715,0.690616
7673,7673015,22069,1.111280
7674,7674013,34584,1.741469
7675,7675009,46587,2.345878
7676,7676013,53469,2.692419
7677,7677010,52572,2.647251
7678,7678014,44202,2.225782
7679,7679010,31703,1.596397
7680,7680014,19684,0.991183
7681,7681011,12803,0.644692
7682,7682009,13699,0.689810
7683,7683013,22021,1.108862
7684,7684009,34568,1.740664
7685,7685013,46667,2.349906
7686,7686009,53437,2.690808
7687,7687013,52556,2.646445
7688,7688010,44186,2.224976
7689,7689015,31575,1.589952
7690,7690012,19604,0.987155
7691,7691009,12771,0.643081
7692,7692013,13651,0.687393
7693,7693009,21957,1.105640
7694,7694013,34504,1.737441
7695,7695009,46539,2.343460
7696,7696013,53565,2.697253
7697,7697010,52476,2.642417
7698,7698015,44106,2.220948
7699,7699011,31559,1.589146
7700,7700008,19604,0.987155
7701,7701012,12643,0.636635
7702,7702008,13491,0.679336
7703,7703012,21781,1.096777
7704,7704008,34584,1.741469
7705,7705013,46667,2.349906
7706,7706010,53469,2.692419
7707,7707014,52476,2.642417
7708,7708010,44170,2.224170
7709,7709014,31575,1.589952
7710,7710011,19604,0.987155
7711,7711015,12739,0.641469
7712,7712011,13619,0.685782
7713,7713008,21877,1.101611
7714,7714013,34552,1.739858
7715,7715010,46363,2.334598
7716,7716014,53373,2.687585
7717,7717010,52652,2.651280
7718,7718014,44266,2.229004
7719,7719010,31687,1.595592
7720,7720014,19684,0.991183
7721,7721012,12851,0.647109
7722,7722009,13715,0.690616
7723,7723013,22021,1.108862
7724,7724009,34552,1.739858
7725,7725013,46603,2.346684
7726,7726009,53405,2.689196
7727,7727013,52492,2.643222
7728,7728010,44202,2.225782
7729,7729015,31671,1.594786
7730,7730013,19716,0.992795
7731,7731011,12803,0.644692
7732,7732015,13715,0.690616
7733,7733011,22005,1.108057
7734,7734008,34536,1.739052
7735,7735012,46587,2.345878
7736,7736008,53453,2.691614
7737,7737014,52540,2.645640
7738,7738013,44282,2.229810
7739,7739009,31623,1.592369
7740,7740013,19588,0.986349
7741,7741010,12803,0.644692
7742,7742014,13699,0.689810
7743,7743010,22005,1.108057
7744,7744014,34600,1.742275
7745,7745013,46555,2.344266
7746,7746011,53405,2.689196
7747,7747015,52444,2.640806
7748,7748011,44250,2.228198
7749,7749008,31687,1.595592
7750,7750012,19620,0.987961
7751,7751008,12755,0.642275
7752,7752012,13683,0.689004
7753,7753011,21957,1.105640
7754,7754009,34552,1.739858
7755,7755013,46539,2.343460
7756,7756009,53373,2.687585
7757,7757013,52412,2.639194
7758,7758009,44218,2.226587
7759,7759013,31495,1.585924
7760,7760010,19556,0.984738
7761,7761010,12739,0.641469
7762,7762008,13571,0.683365
7763,7763012,21957,1.105640
7764,7764009,34552,1.739858
7765,7765013,46491,2.341044
7766,7766009,53533,2.695642
7767,7767013,52636,2.650474
7768,7768009,44314,2.231421
7769,7769009,31719,1.597203
7770,7770014,19588,0.986349
7771,7771011,12771,0.643081
7772,7772015,13699,0.689810
7773,7773011,21957,1.105640
7774,7774008,34536,1.739052
7775,7775012,46555,2.344266
7776,7776008,53485,2.693225
7777,7777008,52620,2.649668
7778,7778014,44234,2.227393
7779,7779010,31655,1.593980
7780,7780014,19652,0.989572
7781,7781011,12803,0.644692
7782,7782015,13699,0.689810
7783,7783011,21973,1.106445
7784,7784015,34552,1.739858
7785,7785008,46459,2.339432
7786,7786013,53405,2.689196
7787,7787009,52492,2.643222
7788,7788013,44138,2.222559
7789,7789010,31639,1.593175
7790,7790014,19476,0.980709
7791,7791010,12739,0.641469
7792,7792014,13731,0.691421
7793,7793015,22069,1.111280
7794,7794013,34696,1.747109
7795,7795010,46555,2.344266
7796,7796014,53421,2.690002
7797,7797010,52492,2.643222
7798,7798014,44138,2.222559
7799,7799011,31591,1.590758
7800,7800015,19556,0.984738
7801,7801015,12851,0.647109
7802,7802013,13651,0.687393
7803,7803009,21925,1.104028
7804,7804013,34824,1.753555
7805,7805010,46507,2.341849
7806,7806014,53389,2.688391
7807,7807010,52492,2.643222
7808,7808014,44186,2.224976
7809,7809015,31527,1.587535
7810,7810015,19524,0.983127
7811,7811012,12579,0.633413
7812,7812009,13635,0.686587
7813,7813013,22037,1.109668
7814,7814009,34600,1.742275
7815,7815013,46619,2.347489
7816,7816009,53453,2.691614
7817,7817012,52556,2.646445
7818,7818010,44234,2.227393
7819,7819014,31623,1.592369
7820,7820010,19636,0.988766
7821,7821014,12787,0.643886
7822,7822011,13667,0.688199
7823,7823015,22005,1.108057
7824,7824011,34520,1.738247
7825,7825012,46539,2.343460
7826,7826010,53421,2.690002
7827,7827014,52444,2.640806
7828,7828010,44250,2.228198
7829,7829014,31591,1.590758
7830,7830010,19636,0.988766
7831,7831014,12723,0.640664
7832,7832011,13731,0.691421
7833,7833013,22021,1.108862
7834,7834010,34536,1.739052
7835,7835014,46571,2.345072
7836,7836011,53325,2.685168
7837,7837015,52348,2.635972
7838,7838011,44314,2.231421
7839,7839015,31543,1.588340
7840,7840011,19652,0.989572
7841,7841014,12611,0.635024
7842,7842011,13459,0.677725
7843,7843014,22165,1.116114
7844,7844011,34664,1.745498
7845,7845015,46699,2.351518
7846,7846011,53212,2.679478
7847,7847008,52604,2.648862
7848,7848012,44250,2.228198
7849,7849014,31591,1.590758
7850,7850012,19652,0.989572
7851,7851008,12787,0.643886
7852,7852012,13683,0.689004
7853,7853008,21973,1.106445
7854,7854012,34856,1.755166
7855,7855009,46523,2.342655
7856,7856013,53437,2.690808
7857,7857015,52508,2.644028
7858,7858013,44170,2.224170
7859,7859010,31591,1.590758
7860,7860013,19604,0.987155
7861,7861010,12803,0.644692
7862,7862014,13635,0.686587
7863,7863010,21909,1.103223
7864,7864014,34632,1.743886
7865,7865009,46539,2.343460
7866,7866014,53421,2.690002
7867,7867010,52524,2.644834
7868,7868014,44170,2.224170
7869,7869010,31703,1.596397
7870,7870014,19588,0.986349
7871,7871011,12707,0.639858
7872,7872015,13715,0.690616
7873,7873011,21941,1.104834
7874,7874008,34392,1.731801
7875,7875012,46427,2.337821
7876,7876008,53437,2.690808
7877,7877012,52636,2.650474
7878,7878009,44250,2.228198
7879,7879013,31655,1.593980
7880,7880009,19684,0.991183
7881,7881012,12803,0.644692
7882,7882009,13651,0.687393
7883,7883013,21989,1.107251
7884,7884009,34504,1.737441
7885,7885013,46619,2.347489
7886,7886010,53421,2.690002
7887,7887014,52332,2.635166
7888,7888010,44186,2.224976
7889,7889013,31575,1.589952
7890,7890010,19620,0.987961
7891,7891014,12771,0.643081
7892,7892010,13683,0.689004
7893,7893014,22021,1.108862
7894,7894011,34488,1.736635
7895,7895015,46555,2.344266
7896,7896011,53421,2.690002
7897,7897015,52492,2.643222
7898,7898011,44250,2.228198
7899,7899008,31639,1.593175
7900,7900012,19620,0.987961
7901,7901008,12787,0.643886
7902,7902012,13635,0.686587
7903,7903008,21813,1.098389
7904,7904012,34616,1.743081
7905,7905010,46523,2.342655
7906,7906014,53373,2.687585
7907,7907011,52492,2.643222
7908,7908015,44138,2.222559
7909,7909011,31575,1.589952
7910,7910008,19444,0.979098
7911,7911012,12771,0.643081
7912,7912008,13715,0.690616
7913,7913013,21893,1.102417
7914,7914011,34600,1.742275
7915,7915015,46619,2.347489
7916,7916011,53469,2.692419
7917,7917008,52572,2.647251
7918,7918012,44234,2.227393
7919,7919008,31687,1.595592
7920,7920012,19588,0.986349
7921,7921010,12755,0.642275
7922,7922014,13683,0.689004
7923,7923010,21941,1.104834
7924,7924014,34616,1.743081
7925,7925011,46411,2.337015
7926,7926015,53421,2.690002
7927,7927011,52524,2.644834
7928,7928015,44122,2.221753
7929,7929013,31575,1.589952
7930,7930010,19588,0.986349
7931,7931014,12707,0.639858
7932,7932010,13635,0.686587
7933,7933014,22005,1.108057
7934,7934010,34504,1.737441
7935,7935014,46571,2.345072
7936,7936011,53421,2.690002
7937,7937009,52524,2.644834
7938,7938013,44026,2.216919
7939,7939009,31591,1.590758
7940,7940013,19588,0.986349
7941,7941010,12691,0.639052
7942,7942014,13539,0.681753
7943,7943010,21781,1.096777
7944,7944014,34536,1.739052
7945,7945013,46587,2.345878
7946,7946012,53341,2.685974
7947,7947009,52524,2.644834
7948,7948013,44170,2.224170
7949,7949009,31591,1.590758
7950,7950013,19476,0.980709
7951,7951009,12627,0.635830
7952,7952013,13459,0.677725
7953,7953012,21781,1.096777
7954,7954009,34568,1.740664
7955,7955013,46379,2.335404
7956,7956009,53341,2.685974
7957,7957013,52636,2.650474
7958,7958010,44298,2.230616
7959,7959014,31559,1.589146
7960,7960010,19636,0.988766
7961,7961008,12819,0.645498
7962,7962014,13667,0.688199
7963,7963010,21973,1.106445
7964,7964014,34664,1.745498
7965,7965010,46635,2.348295
7966,7966014,53437,2.690808
7967,7967011,52572,2.647251
7968,7968015,44218,2.226587
7969,7969014,31623,1.592369
7970,7970012,19636,0.988766
7971,7971008,12819,0.645498
7972,7972012,13699,0.689810
7973,7973009,22005,1.108057
7974,7974013,34632,1.743886
7975,7975009,46507,2.341849
7976,7976013,53453,2.691614
7977,7977012,52620,2.649668
7978,7978011,44298,2.230616
7979,7979015,31623,1.592369
7980,7980011,19636,0.988766
7981,7981008,12787,0.643886
7982,7982012,13667,0.688199
7983,7983008,21957,1.105640
7984,7984012,34552,1.739858
7985,7985011,46475,2.340238
7986,7986009,53533,2.695642
7987,7987013,52636,2.650474
7988,7988010,44234,2.227393
7989,7989014,31575,1.589952
7990,7990010,19588,0.986349
7991,7991014,12739,0.641469
7992,7992011,13651,0.687393
7993,7993011,21989,1.107251
7994,7994009,34504,1.737441
7995,7995013,46491,2.341044
7996,7996010,53325,2.685168
7997,7997014,52444,2.640806
7998,7998010,44138,2.222559
7999,7999014,31399,1.581090
8000,8000010,19444,0.979098
8001,8001011,12595,0.634218
8002,8002015,13507,0.680142
8003,8003012,21925,1.104028
8004,8004008,34616,1.743081
8005,8005012,46635,2.348295
8006,8006009,53485,2.693225
8007,8007013,52588,2.648057
8008,8008009,44314,2.231421
8009,8009009,31719,1.597203
8010,8010014,19636,0.988766
8011,8011010,12803,0.644692
8012,8012014,13651,0.687393
8013,8013011,22005,1.108057
8014,8014015,34584,1.741469
8015,8015011,46587,2.345878
8016,8016015,53421,2.690002
8017,8017015,52572,2.647251
8018,8018012,44266,2.229004
8019,8019008,31687,1.595592
8020,8020012,19668,0.990378
8021,8021008,12883,0.648720
8022,8022012,13667,0.688199
8023,8023009,21909,1.103223
8024,8024013,34616,1.743081
8025,8025014,46587,2.345878
8026,8026012,53405,2.689196
8027,8027009,52556,2.646445
8028,8028013,44170,2.224170
8029,8029009,31751,1.598814
8030,8030013,19620,0.987961
8031,8031009,12755,0.642275
8032,8032013,13667,0.688199
8033,8033015,22005,1.108057
8034,8034014,34568,1.740664
8035,8035010,46347,2.333792
8036,8036014,53373,2.687585
8037,8037011,52348,2.635972
8038,8038015,44026,2.216919
8039,8039011,31655,1.593980
8040,8040015,19620,0.987961
8041,8041008,12803,0.644692
8042,8042012,13699,0.689810
8043,8043009,21989,1.107251
8044,8044013,34360,1.730190
8045,8045009,46587,2.345878
8046,8046013,53357,2.686780
8047,8047009,52428,2.640000
8048,8048013,44138,2.222559
8049,8049015,31543,1.588340
8050,8050013,19540,0.983932
8051,8051009,12595,0.634218
8052,8052013,13523,0.680948
8053,8053010,21829,1.099194
8054,8054014,34408,1.732607
8055,8055010,46651,2.349100
8056,8056014,53581,2.698059
8057,8057008,52588,2.648057
8058,8058014,44266,2.229004
8059,8059011,31671,1.594786
8060,8060015,19620,0.987961
8061,8061011,12659,0.637441
8062,8062015,13619,0.685782
8063,8063011,21813,1.098389
8064,8064008,34344,1.729384
8065,8065010,46363,2.334598
8066,8066015,53293,2.683557
8067,8067011,52364,2.636777
8068,8068008,44074,2.219336
8069,8069012,31719,1.597203
8070,8070008,19444,0.979098
8071,8071012,12579,0.633413
8072,8072009,13683,0.689004
8073,8073011,21957,1.105640
8074,8074009,34600,1.742275
8075,8075012,46571,2.345072
8076,8076009,53421,2.690002
8077,8077013,52540,2.645640
8078,8078009,44266,2.229004
8079,8079013,31607,1.591563
8080,8080009,19636,0.988766
8081,8081012,12835,0.646303
8082,8082009,13667,0.688199
8083,8083013,21973,1.106445
8084,8084009,34488,1.736635
8085,8085013,46619,2.347489
8086,8086010,53405,2.689196
8087,8087014,52444,2.640806
8088,8088010,43962,2.213696
8089,8089012,31431,1.582701
8090,8090009,19444,0.979098
8091,8091013,12755,0.642275
8092,8092009,13699,0.689810
8093,8093013,22085,1.112085
8094,8094010,34568,1.740664
8095,8095014,46539,2.343460
8096,8096010,53421,2.690002
8097,8097012,52476,2.642417
8098,8098010,44218,2.226587
8099,8099014,31559,1.589146
8100,8100010,19604,0.987155
8101,8101014,12723,0.640664
8102,8102011,13651,0.687393
8103,8103015,22005,1.108057
8104,8104011,34600,1.742275
8105,8105015,46555,2.344266
8106,8106012,53373,2.687585
8107,8107009,52460,2.641611
8108,8108013,44122,2.221753
8109,8109009,31607,1.591563
8110,8110013,19492,0.981515
8111,8111009,12723,0.640664
8112,8112013,13635,0.686587
8113,8113010,21957,1.105640
8114,8114015,34584,1.741469
8115,8115011,46491,2.341044
8116,8116015,53421,2.690002
8117,8117011,52524,2.644834
8118,8118008,44058,2.218530
8119,8119012,31703,1.596397
8120,8120008,19700,0.991989
8121,8121013,12819,0.645498
8122,8122011,13715,0.690616
8123,8123014,22005,1.108057
8124,8124011,34536,1.739052
8125,8125015,46619,2.347489
8126,8126011,53437,2.690808
8127,8127008,52588,2.648057
8128,8128012,44218,2.226587
8129,8129015,31655,1.593980
8130,8130012,19620,0.987961
8131,8131008,12771,0.643081
8132,8132012,13651,0.687393
8133,8133009,21909,1.103223
8134,8134013,34520,1.738247
8135,8135009,46507,2.341849
8136,8136013,53341,2.685974
8137,8137011,52412,2.639194
8138,8138011,44138,2.222559
8139,8139014,31447,1.583506
8140,8140011,19604,0.987155
8141,8141015,12819,0.645498
8142,8142011,13523,0.680948
8143,8143008,21989,1.107251
8144,8144012,34632,1.743886
8145,8145008,46475,2.340238
8146,8146014,53485,2.693225
8147,8147011,52556,2.646445
8148,8148015,44202,2.225782
8149,8149011,31655,1.593980
8150,8150008,19716,0.992795
8151,8151012,12755,0.642275
8152,8152008,13619,0.685782
8153,8153013,21941,1.104834
8154,8154011,34632,1.743886
8155,8155008,46555,2.344266
8156,8156012,53469,2.692419
8157,8157009,52620,2.649668
8158,8158013,44218,2.226587
8159,8159009,31687,1.595592
8160,8160013,19620,0.987961
8161,8161011,12771,0.643081
8162,8162011,13651,0.687393
8163,8163008,21925,1.104028
8164,8164012,34600,1.742275
8165,8165009,46555,2.344266
8166,8166013,53405,2.689196
8167,8167009,52572,2.647251
8168,8168013,44250,2.228198
8169,8169012,31671,1.594786
8170,8170011,19556,0.984738
8171,8171015,12787,0.643886
8172,8172011,13715,0.690616
8173,8173015,22037,1.109668
8174,8174011,34584,1.741469
8175,8175008,46507,2.341849
8176,8176012,53389,2.688391
8177,8177011,52540,2.645640
8178,8178010,44266,2.229004
8179,8179014,31543,1.588340
8180,8180010,19620,0.987961
8181,8181014,12739,0.641469
8182,8182010,13635,0.686587
8183,8183014,22005,1.108057
8184,8184011,34584,1.741469
8185,8185009,46555,2.344266
8186,8186008,53421,2.690002
8187,8187013,52556,2.646445
8188,8188010,44314,2.231421
8189,8189014,31639,1.593175
8190,8190010,19700,0.991989
8191,8191014,12787,0.643886
8192,8192010,13699,0.689810
8193,8193010,21973,1.106445
8194,8194009,34520,1.738247
8195,8195013,46603,2.346684
8196,8196009,53437,2.690808
8197,8197013,52572,2.647251
8198,8198009,44282,2.229810
8199,8199013,31639,1.593175
8200,8200010,19620,0.987961
8201,8201009,12787,0.643886
8202,8202013,13779,0.693838
8203,8203010,21957,1.105640
8204,8204014,34568,1.740664
8205,8205010,46555,2.344266
8206,8206014,53405,2.689196
8207,8207010,52492,2.643222
8208,8208014,44218,2.226587
8209,8209014,31591,1.590758
8210,8210012,19588,0.986349
8211,8211008,12787,0.643886
8212,8212012,13667,0.688199
8213,8213009,21941,1.104834
8214,8214013,34568,1.740664
8215,8215009,46507,2.341849
8216,8216013,53389,2.688391
8217,8217013,52524,2.644834
8218,8218011,44122,2.221753
8219,8219015,31543,1.588340
8220,8220011,19636,0.988766
8221,8221015,12755,0.642275
8222,8222011,13715,0.690616
8223,8223008,21941,1.104834
8224,8224012,34568,1.740664
8225,8225012,46555,2.344266
8226,8226010,53373,2.687585
8227,8227014,52460,2.641611
8228,8228010,44218,2.226587
8229,8229014,31463,1.584312
8230,8230010,19620,0.987961
8231,8231014,12771,0.643081
8232,8232011,13651,0.687393
8233,8233011,22005,1.108057
8234,8234011,34520,1.738247
8235,8235008,46491,2.341044
8236,8236012,53453,2.691614
8237,8237008,52556,2.646445
8238,8238012,44218,2.226587
8239,8239009,31671,1.594786
8240,8240013,19588,0.986349
8241,8241013,12755,0.642275
8242,8242011,13635,0.686587
8243,8243015,22021,1.108862
8244,8244011,34616,1.743081
8245,8245008,46555,2.344266
8246,8246012,53357,2.686780
8247,8247008,52524,2.644834
8248,8248012,44186,2.224976
8249,8249013,31591,1.590758
8250,8250013,19572,0.985544
8251,8251009,12739,0.641469
8252,8252013,13667,0.688199
8253,8253010,21957,1.105640
8254,8254014,34536,1.739052
8255,8255010,46475,2.340238
8256,8256014,53357,2.686780
8257,8257014,52460,2.641611
8258,8258012,44186,2.224976
8259,8259009,31527,1.587535
8260,8260013,19636,0.988766
8261,8261009,12771,0.643081
8262,8262013,13619,0.685782
8263,8263009,21877,1.101611
8264,8264013,34520,1.738247
8265,8265015,46411,2.337015
8266,8266012,53341,2.685974
8267,8267009,52412,2.639194
8268,8268013,44026,2.216919
8269,8269009,31703,1.596397
8270,8270013,19444,0.979098
8271,8271010,12755,0.642275
8272,8272014,13475,0.678531
8273,8273015,22053,1.110474
8274,8274014,34616,1.743081
8275,8275010,46571,2.345072
8276,8276014,53469,2.692419
8277,8277010,52524,2.644834
8278,8278014,44138,2.222559
8279,8279011,31591,1.590758
8280,8280015,19572,0.985544
8281,8281009,12771,0.643081
8282,8282014,13699,0.689810
8283,8283011,21973,1.106445
8284,8284015,34584,1.741469
8285,8285011,46571,2.345072
8286,8286008,53325,2.685168
8287,8287012,52476,2.642417
8288,8288008,44154,2.223364
8289,8289009,31687,1.595592
8290,8290014,19540,0.983932
8291,8291011,12755,0.642275
8292,8292015,13667,0.688199
8293,8293011,21957,1.105640
8294,8294015,34552,1.739858
8295,8295011,46491,2.341044
8296,8296008,53244,2.681089
8297,8297010,52396,2.638389
8298,8298010,44090,2.220142
8299,8299014,31447,1.583506
8300,8300010,19684,0.991183
8301,8301014,12675,0.638247
8302,8302011,13699,0.689810
8303,8303015,22021,1.108862
8304,8304011,34536,1.739052
8305,8305014,46651,2.349100
8306,8306013,53405,2.689196
8307,8307009,52572,2.647251
8308,8308013,44218,2.226587
8309,8309009,31655,1.593980
8310,8310013,19620,0.987961
8311,8311010,12771,0.643081
8312,8312014,13731,0.691421
8313,8313008,22133,1.114502
8314,8314013,34568,1.740664
8315,8315009,46507,2.341849
8316,8316013,53405,2.689196
8317,8317010,52492,2.643222
8318,8318014,44138,2.222559
8319,8319010,31607,1.591563
8320,8320014,19588,0.986349
8321,8321009,12659,0.637441
8322,8322013,13635,0.686587
8323,8323010,21749,1.095166
8324,8324014,34632,1.743886
8325,8325010,46635,2.348295
8326,8326014,53517,2.694836
8327,8327010,52492,2.643222
8328,8328014,44330,2.232227
8329,8329010,31735,1.598009
8330,8330009,19716,0.992795
8331,8331013,12771,0.643081
8332,8332010,13747,0.692227
8333,8333014,22069,1.111280
8334,8334010,34616,1.743081
8335,8335014,46635,2.348295
8336,8336010,53469,2.692419
8337,8337014,52572,2.647251
8338,8338011,44202,2.225782
8339,8339008,31671,1.594786
8340,8340012,19652,0.989572
8341,8341008,12803,0.644692
8342,8342012,13683,0.689004
8343,8343008,21941,1.104834
8344,8344012,34520,1.738247
8345,8345008,46555,2.344266
8346,8346013,53501,2.694030
8347,8347010,52572,2.647251
8348,8348014,44250,2.228198
8349,8349010,31719,1.597203
8350,8350014,19652,0.989572
8351,8351010,12803,0.644692
8352,8352014,13731,0.691421
8353,8353011,21989,1.107251
8354,8354010,34504,1.737441
8355,8355014,46523,2.342655
8356,8356011,53389,2.688391
8357,8357015,52444,2.640806
8358,8358011,44122,2.221753
8359,8359015,31559,1.589146
8360,8360011,19556,0.984738
8361,8361015,12659,0.637441
8362,8362012,13651,0.687393
8363,8363009,21877,1.101611
8364,8364013,34568,1.740664
8365,8365009,46539,2.343460
8366,8366013,53389,2.688391
8367,8367009,52492,2.643222
8368,8368013,44138,2.222559
8369,8369010,31607,1.591563
8370,8370009,19604,0.987155
8371,8371013,12755,0.642275
8372,8372010,13571,0.683365
8373,8373014,21861,1.100806
8374,8374010,34376,1.730996
8375,8375014,46475,2.340238
8376,8376010,53341,2.685974
8377,8377014,52492,2.643222
8378,8378013,44138,2.222559
8379,8379010,31543,1.588340
8380,8380014,19492,0.981515
8381,8381010,12547,0.631801
8382,8382014,13539,0.681753
8383,8383011,22037,1.109668
8384,8384015,34712,1.747915
8385,8385012,46699,2.351518
8386,8386010,53469,2.692419
8387,8387014,52588,2.648057
8388,8388010,44298,2.230616
8389,8389014,31623,1.592369
8390,8390011,19652,0.989572
8391,8391015,12787,0.643886
8392,8392011,13731,0.691421
8393,8393009,22005,1.108057
8394,8394010,34536,1.739052
8395,8395015,46587,2.345878
8396,8396012,53357,2.686780
8397,8397008,52524,2.644834
8398,8398012,44170,2.224170
8399,8399008,31655,1.593980
8400,8400012,19604,0.987155
8401,8401010,12723,0.640664
8402,8402015,13667,0.688199
8403,8403011,21909,1.103223
8404,8404015,34616,1.743081
8405,8405012,46523,2.342655
8406,8406008,53389,2.688391
8407,8407012,52460,2.641611
8408,8408008,44202,2.225782
8409,8409008,31623,1.592369
8410,8410015,19588,0.986349
8411,8411011,12803,0.644692
8412,8412015,13523,0.680948
8413,8413012,21797,1.097583
8414,8414008,34328,1.728579
8415,8415012,46395,2.336210
8416,8416008,53309,2.684362
8417,8417015,52636,2.650474
8418,8418011,44234,2.227393
8419,8419015,31591,1.590758
8420,8420011,19652,0.989572
8421,8421008,12979,0.653555
8422,8422012,13667,0.688199
8423,8423008,21925,1.104028
8424,8424012,34568,1.740664
8425,8425012,46555,2.344266
8426,8426011,53405,2.689196
8427,8427015,52588,2.648057
8428,8428011,44154,2.223364
8429,8429015,31639,1.593175
8430,8430011,19444,0.979098
8431,8431008,12771,0.643081
8432,8432012,13667,0.688199
8433,8433012,22021,1.108862
8434,8434011,34520,1.738247
8435,8435009,46523,2.342655
8436,8436013,53421,2.690002
8437,8437009,52556,2.646445
8438,8438013,44170,2.224170
8439,8439009,31687,1.595592
8440,8440013,19636,0.988766
8441,8441013,12803,0.644692
8442,8442010,13651,0.687393
8443,8443014,22021,1.108862
8444,8444011,34568,1.740664
8445,8445015,46587,2.345878
8446,8446011,53453,2.691614
8447,8447015,52476,2.642417
8448,8448011,44218,2.226587
8449,8449011,31639,1.593175
8450,8450009,19684,0.991183
8451,8451013,12803,0.644692
8452,8452009,13651,0.687393
8453,8453013,21909,1.103223
8454,8454010,34584,1.741469
8455,8455014,46555,2.344266
8456,8456010,53373,2.687585
8457,8457011,52460,2.641611
8458,8458009,44202,2.225782
8459,8459013,31591,1.590758
8460,8460010,19588,0.986349
8461,8461014,12739,0.641469
8462,8462010,13443,0.676919
8463,8463014,21685,1.091943
8464,8464010,34568,1.740664
8465,8465010,46651,2.349100
8466,8466008,53277,2.682751
8467,8467012,52636,2.650474
8468,8468008,44282,2.229810
8469,8469012,31591,1.590758
8470,8470008,19668,0.990378
8471,8471012,12787,0.643886
8472,8472009,13731,0.691421
8473,8473010,21973,1.106445
8474,8474008,34456,1.735024
8475,8475012,46555,2.344266
8476,8476009,53421,2.690002
8477,8477013,52620,2.649668
8478,8478009,44298,2.230616
8479,8479013,31703,1.596397
8480,8480009,19668,0.990378
8481,8481010,12787,0.643886
8482,8482008,13651,0.687393
8483,8483012,21973,1.106445
8484,8484009,34504,1.737441
8485,8485013,46555,2.344266
8486,8486009,53437,2.690808
8487,8487013,52508,2.644028
8488,8488009,44218,2.226587
8489,8489010,31655,1.593980
8490,8490008,19652,0.989572
8491,8491012,12739,0.641469
8492,8492008,13635,0.686587
8493,8493012,21957,1.105640
8494,8494009,34472,1.735830
8495,8495013,46619,2.347489
8496,8496009,53309,2.684362
8497,8497010,52476,2.642417
8498,8498014,44122,2.221753
8499,8499011,31639,1.593175
8500,8500015,19620,0.987961
8501,8501011,12787,0.643886
8502,8502008,13523,0.680948
8503,8503012,21893,1.102417
8504,8504008,34360,1.730190
8505,8505009,46347,2.333792
8506,8506008,53244,2.681089
8507,8507012,52412,2.639194
8508,8508008,44122,2.221753
8509,8509012,31607,1.591563
8510,8510009,19636,0.988766
8511,8511013,12771,0.643081
8512,8512009,13635,0.686587
8513,8513011,21973,1.106445
8514,8514010,34488,1.736635
8515,8515015,46635,2.348295
8516,8516012,53341,2.685974
8517,8517008,52476,2.642417
8518,8518012,44154,2.223364
8519,8519008,31655,1.593980
8520,8520012,19620,0.987961
8521,8521015,12739,0.641469
8522,8522013,13651,0.687393
8523,8523010,21925,1.104028
8524,8524014,34552,1.739858
8525,8525010,46555,2.344266
8526,8526014,53389,2.688391
8527,8527011,52316,2.634360
8528,8528015,44330,2.232227
8529,8529008,31783,1.600426
8530,8530013,19636,0.988766
8531,8531009,12803,0.644692
8532,8532013,13539,0.681753
8533,8533010,21781,1.096777
8534,8534014,34616,1.743081
8535,8535010,46587,2.345878
8536,8536014,53613,2.699670
8537,8537009,52604,2.648862
8538,8538014,44170,2.224170
8539,8539011,31671,1.594786
8540,8540015,19604,0.987155
8541,8541011,12787,0.643886
8542,8542008,13635,0.686587
8543,8543012,21973,1.106445
8544,8544008,34520,1.738247
8545,8545011,46571,2.345072
8546,8546009,53453,2.691614
8547,8547013,52588,2.648057
8548,8548009,44266,2.229004
8549,8549013,31687,1.595592
8550,8550009,19668,0.990378
8551,8551013,12627,0.635830
8552,8552010,13619,0.685782
8553,8553012,21989,1.107251
8554,8554010,34488,1.736635
8555,8555014,46555,2.344266
8556,8556010,53341,2.685974
8557,8557014,52492,2.643222
8558,8558011,44170,2.224170
8559,8559015,31559,1.589146
8560,8560011,19524,0.983127
8561,8561014,12643,0.636635
8562,8562011,13683,0.689004
8563,8563008,21909,1.103223
8564,8564012,34648,1.744692
8565,8565008,46587,2.345878
8566,8566012,53533,2.695642
8567,8567008,52636,2.650474
8568,8568012,44266,2.229004
8569,8569009,31751,1.598814
8570,8570014,19572,0.985544
8571,8571011,12771,0.643081
8572,8572008,13683,0.689004
8573,8573012,21957,1.105640
8574,8574008,34536,1.739052
8575,8575012,46667,2.349906
8576,8576008,53405,2.689196
8577,8577012,52604,2.648862
8578,8578009,44234,2.227393
8579,8579013,31623,1.592369
8580,8580009,19668,0.990378
8581,8581013,12771,0.643081
8582,8582009,13635,0.686587
8583,8583013,22021,1.108862
8584,8584010,34552,1.739858
8585,8585013,46651,2.349100
8586,8586011,53373,2.687585
8587,8587015,52588,2.648057
8588,8588011,44186,2.224976
8589,8589008,31687,1.595592
8590,8590012,19604,0.987155
8591,8591008,12771,0.643081
8592,8592012,13667,0.688199
8593,8593015,21973,1.106445
8594,8594012,34552,1.739858
8595,8595008,46491,2.341044
8596,8596012,53421,2.690002
8597,8597009,52524,2.644834
8598,8598013,44186,2.224976
8599,8599009,31655,1.593980
8600,8600013,19572,0.985544
8601,8601010,12771,0.643081
8602,8602015,13555,0.682559
8603,8603011,21797,1.097583
8604,8604008,34360,1.730190
8605,8605012,46427,2.337821
8606,8606008,53373,2.687585
8607,8607012,52636,2.650474
8608,8608009,44298,2.230616
8609,8609013,31575,1.589952
8610,8610010,19588,0.986349
8611,8611014,12595,0.634218
8612,8612010,13699,0.689810
8613,8613014,22037,1.109668
8614,8614011,34584,1.741469
8615,8615015,46603,2.346684
8616,8616011,53437,2.690808
8617,8617010,52572,2.647251
8618,8618014,44186,2.224976
8619,8619010,31639,1.593175
8620,8620014,19620,0.987961
8621,8621010,12803,0.644692
8622,8622014,13587,0.684170
8623,8623011,21989,1.107251
8624,8624015,34696,1.747109
8625,8625012,46603,2.346684
8626,8626009,53485,2.693225
8627,8627013,52572,2.647251
8628,8628009,44266,2.229004
8629,8629013,31671,1.594786
8630,8630010,19700,0.991989
8631,8631014,12771,0.643081
8632,8632010,13683,0.689004
8633,8633015,22037,1.109668
8634,8634012,34568,1.740664
8635,8635009,46491,2.341044
8636,8636013,53501,2.694030
8637,8637009,52556,2.646445
8638,8638013,44250,2.228198
8639,8639009,31671,1.594786
8640,8640013,19620,0.987961
8641,8641013,12851,0.647109
8642,8642009,13651,0.687393
8643,8643013,22053,1.110474
8644,8644010,34568,1.740664
8645,8645014,46651,2.349100
8646,8646010,53453,2.691614
8647,8647014,52556,2.646445
8648,8648010,44282,2.229810
8649,8649009,31687,1.595592
8650,8650015,19684,0.991183
8651,8651011,12787,0.643886
8652,8652015,13683,0.689004
8653,8653011,21973,1.106445
8654,8654008,34520,1.738247
8655,8655012,46523,2.342655
8656,8656008,53389,2.688391
8657,8657015,52540,2.645640
8658,8658013,44154,2.223364
8659,8659009,31639,1.593175
8660,8660013,19636,0.988766
8661,8661010,12819,0.645498
8662,8662014,13667,0.688199
8663,8663010,21957,1.105640
8664,8664014,34584,1.741469
8665,8665012,46603,2.346684
8666,8666010,53357,2.686780
8667,8667014,52492,2.643222
8668,8668010,44218,2.226587
8669,8669014,31623,1.592369
8670,8670010,19620,0.987961
8671,8671014,12787,0.643886
8672,8672011,13619,0.685782
8673,8673011,21941,1.104834
8674,8674009,34472,1.735830
8675,8675013,46491,2.341044
8676,8676009,53389,2.688391
8677,8677013,52380,2.637583
8678,8678010,44330,2.232227
8679,8679014,31655,1.593980
8680,8680010,19668,0.990378
8681,8681011,12803,0.644692
8682,8682009,13635,0.686587
8683,8683013,21957,1.105640
8684,8684010,34584,1.741469
8685,8685014,46587,2.345878
8686,8686010,53453,2.691614
8687,8687014,52540,2.645640
8688,8688010,44234,2.227393
8689,8689010,31639,1.593175
8690,8690015,19652,0.989572
8691,8691012,12771,0.643081
8692,8692008,13635,0.686587
8693,8693012,22005,1.108057
8694,8694008,34472,1.735830
8695,8695012,46363,2.334598
8696,8696009,53373,2.687585
8697,8697009,52540,2.645640
8698,8698009,44218,2.226587
8699,8699013,31623,1.592369
8700,8700009,19636,0.988766
8701,8701013,12787,0.643886
8702,8702010,13667,0.688199
8703,8703014,21989,1.107251
8704,8704010,34536,1.739052
8705,8705012,46459,2.339432
8706,8706010,53325,2.685168
8707,8707014,52492,2.643222
8708,8708011,44266,2.229004
8709,8709015,31335,1.577867
8710,8710011,19540,0.983932
8711,8711015,12771,0.643081
8712,8712011,13731,0.691421
8713,8713013,22037,1.109668
8714,8714010,34584,1.741469
8715,8715014,46619,2.347489
8716,8716010,53469,2.692419
8717,8717014,52588,2.648057
8718,8718011,44186,2.224976
8719,8719015,31671,1.594786
8720,8720011,19652,0.989572
8721,8721012,12835,0.646303
8722,8722010,13667,0.688199
8723,8723013,22005,1.108057
8724,8724010,34600,1.742275
8725,8725014,46571,2.345072
8726,8726010,53453,2.691614
8727,8727014,52652,2.651280
8728,8728010,44282,2.229810
8729,8729012,31671,1.594786
8730,8730010,19684,0.991183
8731,8731015,12755,0.642275
8732,8732011,13699,0.689810
8733,8733015,22053,1.110474
8734,8734011,34456,1.735024
8735,8735008,46539,2.343460
8736,8736012,53469,2.692419
8737,8737012,52636,2.650474
8738,8738010,44202,2.225782
8739,8739014,31447,1.583506
8740,8740010,19460,0.979904
8741,8741014,12691,0.639052
8742,8742011,13667,0.688199
8743,8743015,22037,1.109668
8744,8744011,34552,1.739858
8745,8745013,46683,2.350712
8746,8746013,53485,2.693225
8747,8747009,52572,2.647251
8748,8748013,44202,2.225782
8749,8749009,31655,1.593980
8750,8750013,19588,0.986349
8751,8751010,12787,0.643886
8752,8752014,13667,0.688199
8753,8753009,22005,1.108057
8754,8754014,34600,1.742275
8755,8755011,46555,2.344266
8756,8756015,53485,2.693225
8757,8757011,52556,2.646445
8758,8758015,44186,2.224976
8759,8759011,31639,1.593175
8760,8760008,19684,0.991183
8761,8761011,12739,0.641469
8762,8762009,13587,0.684170
8763,8763013,21973,1.106445
8764,8764010,34568,1.740664
8765,8765014,46587,2.345878
8766,8766010,53405,2.689196
8767,8767014,52556,2.646445
8768,8768010,44186,2.224976
8769,8769013,31591,1.590758
8770,8770010,19620,0.987961
8771,8771014,12787,0.643886
8772,8772010,13715,0.690616
8773,8773014,22021,1.108862
8774,8774010,34472,1.735830
8775,8775014,46539,2.343460
8776,8776011,53389,2.688391
8777,8777014,52460,2.641611
8778,8778014,44218,2.226587
8779,8779010,31623,1.592369
8780,8780014,19652,0.989572
8781,8781011,12787,0.643886
8782,8782015,13683,0.689004
8783,8783011,21973,1.106445
8784,8784015,34632,1.743886
8785,8785010,46555,2.344266
8786,8786015,53309,2.684362
8787,8787011,52476,2.642417
8788,8788008,44298,2.230616
8789,8789012,31559,1.589146
8790,8790008,19572,0.985544
8791,8791012,12627,0.635830
8792,8792009,13539,0.681753
8793,8793012,21957,1.105640
8794,8794010,34344,1.729384
8795,8795014,46555,2.344266
8796,8796011,53373,2.687585
8797,8797015,52476,2.642417
8798,8798011,44186,2.224976
8799,8799015,31559,1.589146
8800,8800011,19460,0.979904
8801,8801015,12707,0.639858
8802,8802012,13587,0.684170
8803,8803009,21861,1.100806
8804,8804013,34456,1.735024
8805,8805009,46395,2.336210
8806,8806013,53373,2.687585
8807,8807009,52412,2.639194
8808,8808013,43994,2.215308
8809,8809010,31463,1.584312
8810,8810009,19700,0.991989
8811,8811012,12835,0.646303
8812,8812009,13715,0.690616
8813,8813013,21861,1.100806
8814,8814009,34472,1.735830
8815,8815013,46443,2.338627
8816,8816009,53325,2.685168
8817,8817014,52524,2.644834
8818,8818011,44058,2.218530
8819,8819015,31543,1.588340
8820,8820012,19588,0.986349
8821,8821008,12499,0.629384
8822,8822012,13619,0.685782
8823,8823008,21893,1.102417
8824,8824012,34536,1.739052
8825,8825009,46395,2.336210
8826,8826014,53341,2.685974
8827,8827011,52444,2.640806
8828,8828015,44074,2.219336
8829,8829011,31527,1.587535
8830,8830008,19636,0.988766
8831,8831012,12547,0.631801
8832,8832008,13587,0.684170
8833,8833013,21829,1.099194
8834,8834010,34632,1.743886
8835,8835014,46667,2.349906
8836,8836010,53261,2.681946
8837,8837014,52380,2.637583
8838,8838010,44106,2.220948
8839,8839014,31399,1.581090
8840,8840011,19476,0.980709
8841,8841008,12707,0.639858
8842,8842014,13619,0.685782
8843,8843011,21893,1.102417
8844,8844015,34568,1.740664
8845,8845011,46507,2.341849
8846,8846015,53341,2.685974
8847,8847011,52332,2.635166
8848,8848008,44330,2.232227
8849,8849013,31527,1.587535
8850,8850011,19684,0.991183
8851,8851015,12787,0.643886
8852,8852011,13699,0.689810
8853,8853008,21877,1.101611
8854,8854012,34632,1.743886
8855,8855008,46539,2.343460
8856,8856012,53501,2.694030
8857,8857010,52636,2.650474
8858,8858015,44266,2.229004
8859,8859011,31671,1.594786
8860,8860008,19700,0.991989
8861,8861012,12819,0.645498
8862,8862008,13683,0.689004
8863,8863012,22069,1.111280
8864,8864009,34568,1.740664
8865,8865013,46587,2.345878
8866,8866011,53421,2.690002
8867,8867008,52652,2.651280
8868,8868012,44282,2.229810
8869,8869008,31671,1.594786
8870,8870012,19652,0.989572
8871,8871008,12803,0.644692
8872,8872012,13715,0.690616
8873,8873010,22005,1.108057
8874,8874010,34520,1.738247
8875,8875014,46587,2.345878
8876,8876010,53421,2.690002
8877,8877014,52508,2.644028
8878,8878010,44138,2.222559
8879,8879014,31591,1.590758
8880,8880011,19636,0.988766
8881,8881009,12787,0.643886
8882,8882014,13667,0.688199
8883,8883011,21925,1.104028
8884,8884015,34584,1.741469
8885,8885011,46507,2.341849
8886,8886008,53357,2.686780
8887,8887012,52524,2.644834
8888,8888008,44218,2.226587
8889,8889014,31543,1.588340
8890,8890012,19396,0.976681
8891,8891009,12803,0.644692
8892,8892013,13523,0.680948
8893,8893009,21973,1.106445
8894,8894013,34776,1.751138
8895,8895009,46619,2.347489
8896,8896013,53501,2.694030
8897,8897013,52556,2.646445
8898,8898011,44186,2.224976
8899,8899015,31591,1.590758
8900,8900011,19652,0.989572
8901,8901008,12755,0.642275
8902,8902012,13651,0.687393
8903,8903008,21925,1.104028
8904,8904012,34600,1.742275
8905,8905012,46491,2.341044
8906,8906010,53437,2.690808
8907,8907014,52556,2.646445
8908,8908010,44218,2.226587
8909,8909014,31623,1.592369
8910,8910010,19588,0.986349
8911,8911014,12771,0.643081
8912,8912011,13667,0.688199
8913,8913011,21957,1.105640
8914,8914008,34488,1.736635
8915,8915012,46539,2.343460
8916,8916009,53421,2.690002
8917,8917013,52508,2.644028
8918,8918009,44202,2.225782
8919,8919013,31543,1.588340
8920,8920009,19604,0.987155
8921,8921009,12771,0.643081
8922,8922014,13651,0.687393
8923,8923011,21909,1.103223
8924,8924015,34520,1.738247
8925,8925011,46475,2.340238
8926,8926015,53389,2.688391
8927,8927011,52364,2.636777
8928,8928008,44202,2.225782
8929,8929015,31639,1.593175
8930,8930012,19476,0.980709
8931,8931009,12819,0.645498
8932,8932013,13747,0.692227
8933,8933009,21989,1.107251
8934,8934013,34632,1.743886
8935,8935009,46587,2.345878
8936,8936013,53485,2.693225
8937,8937014,52380,2.637583
8938,8938011,44074,2.219336
8939,8939015,31607,1.591563
8940,8940011,19684,0.991183
8941,8941008,12787,0.643886
8942,8942012,13699,0.689810
8943,8943008,21941,1.104834
8944,8944012,34584,1.741469
8945,8945014,46539,2.343460
8946,8946011,53325,2.685168
8947,8947008,52668,2.652085
8948,8948012,44298,2.230616
8949,8949008,31767,1.599620
8950,8950012,19636,0.988766
8951,8951009,12723,0.640664
8952,8952013,13683,0.689004
8953,8953014,22101,1.112891
8954,8954011,34536,1.739052
8955,8955015,46587,2.345878
8956,8956011,53357,2.686780
8957,8957015,52508,2.644028
8958,8958011,44234,2.227393
8959,8959008,31687,1.595592
8960,8960012,19620,0.987961
8961,8961014,12771,0.643081
8962,8962012,13667,0.688199
8963,8963009,21973,1.106445
8964,8964013,34712,1.747915
8965,8965010,46587,2.345878
8966,8966014,53453,2.691614
8967,8967010,52556,2.646445
8968,8968014,44234,2.227393
8969,8969008,31687,1.595592
8970,8970008,19684,0.991183
8971,8971012,12787,0.643886
8972,8972009,13651,0.687393
8973,8973013,22037,1.109668
8974,8974009,34536,1.739052
8975,8975013,46571,2.345072
8976,8976009,53405,2.689196
8977,8977012,52540,2.645640
8978,8978010,44250,2.228198
8979,8979014,31591,1.590758
8980,8980010,19668,0.990378
8981,8981014,12787,0.643886
8982,8982010,13667,0.688199
8983,8983014,22021,1.108862
8984,8984011,34488,1.736635
8985,8985013,46603,2.346684
8986,8986012,53293,2.683557
8987,8987008,52508,2.644028
8988,8988012,44170,2.224170
8989,8989008,31495,1.585924
8990,8990012,19508,0.982321
8991,8991009,12611,0.635024
8992,8992013,13571,0.683365
8993,8993014,21877,1.101611
8994,8994012,34568,1.740664
8995,8995008,46475,2.340238
8996,8996012,53325,2.685168
8997,8997008,52684,2.652891
8998,8998012,44090,2.220142
8999,8999009,31767,1.599620
9000,9000013,19652,0.989572
9001,9001015,12787,0.643886
9002,9002012,13699,0.689810
9003,9003008,21989,1.107251
9004,9004012,34296,1.726967
9005,9005008,46395,2.336210
9006,9006012,53389,2.688391
9007,9007009,52428,2.640000
9008,9008013,44106,2.220948
9009,9009009,31623,1.592369
9010,9010013,19428,0.978292
9011,9011009,12883,0.648720
9012,9012013,13731,0.691421
9013,9013010,21925,1.104028
9014,9014014,34648,1.744692
9015,9015010,46571,2.345072
9016,9016014,53517,2.694836
9017,9017010,52588,2.648057
9018,9018009,44346,2.233033
9019,9019012,31655,1.593980
9020,9020009,19684,0.991183
9021,9021013,12819,0.645498
9022,9022009,13699,0.689810
9023,9023013,21989,1.107251
9024,9024009,34536,1.739052
9025,9025013,46683,2.350712
9026,9026011,53485,2.693225
9027,9027008,52556,2.646445
9028,9028012,44266,2.229004
9029,9029008,31719,1.597203
9030,9030012,19684,0.991183
9031,9031009,12819,0.645498
9032,9032013,13747,0.692227
9033,9033010,21973,1.106445
9034,9034008,34504,1.737441
9035,9035012,46779,2.355546
9036,9036008,53437,2.690808
9037,9037012,52540,2.645640
9038,9038009,44186,2.224976
9039,9039013,31575,1.589952
9040,9040009,19684,0.991183
9041,9041014,12771,0.643081
9042,9042011,13635,0.686587
9043,9043008,21877,1.101611
9044,9044012,34536,1.739052
9045,9045008,46443,2.338627
9046,9046012,53293,2.683557
9047,9047008,52524,2.644834
9048,9048012,44186,2.224976
9049,9049010,31479,1.585118
9050,9050009,19556,0.984738
9051,9051013,12643,0.636635
9052,9052009,13539,0.681753
9053,9053013,21733,1.094360
9054,9054010,34392,1.731801
9055,9055014,46571,2.345072
9056,9056010,53341,2.685974
9057,9057014,52460,2.641611
9058,9058012,44138,2.222559
9059,9059009,31623,1.592369
9060,9060013,19620,0.987961
9061,9061009,12739,0.641469
9062,9062013,13555,0.682559
9063,9063009,21925,1.104028
9064,9064013,34632,1.743886
9065,9065011,46555,2.344266
9066,9066009,53357,2.686780
9067,9067013,52492,2.643222
9068,9068009,44218,2.226587
9069,9069013,31575,1.589952
9070,9070009,19620,0.987961
9071,9071013,12819,0.645498
9072,9072010,13683,0.689004
9073,9073014,21973,1.106445
9074,9074011,34536,1.739052
9075,9075015,46587,2.345878
9076,9076011,53437,2.690808
9077,9077008,52492,2.643222
9078,9078012,44202,2.225782
9079,9079008,31703,1.596397
9080,9080012,19572,0.985544
9081,9081009,12611,0.635024
9082,9082014,13491,0.679336
9083,9083010,21797,1.097583
9084,9084014,34520,1.738247
9085,9085010,46427,2.337821
9086,9086014,53373,2.687585
9087,9087011,52492,2.643222
9088,9088015,44186,2.224976
9089,9089012,31623,1.592369
9090,9090010,19604,0.987155
9091,9091014,12739,0.641469
9092,9092010,13635,0.686587
9093,9093014,21909,1.103223
9094,9094011,34488,1.736635
9095,9095015,46443,2.338627
9096,9096011,53293,2.683557
9097,9097009,52540,2.645640
9098,9098015,44154,2.223364
9099,9099011,31623,1.592369
9100,9100015,19604,0.987155
9101,9101011,12707,0.639858
9102,9102008,13571,0.683365
9103,9103012,21909,1.103223
9104,9104008,34456,1.735024
9105,9105016,46619,2.347489
9106,9106008,53357,2.686780
9107,9107014,52492,2.643222
9108,9108010,44234,2.227393
9109,9109014,31575,1.589952
9110,9110010,19620,0.987961
9111,9111014,12659,0.637441
9112,9112011,13603,0.684976
9113,9113009,21925,1.104028
9114,9114014,34536,1.739052
9115,9115010,46507,2.341849
9116,9116014,53373,2.687585
9117,9117011,52492,2.643222
9118,9118015,44218,2.226587
9119,9119011,31655,1.593980
9120,9120015,19620,0.987961
9121,9121013,12739,0.641469
9122,9122011,13651,0.687393
9123,9123015,21957,1.105640
9124,9124011,34536,1.739052
9125,9125015,46539,2.343460
9126,9126011,53357,2.686780
9127,9127008,52540,2.645640
9128,9128012,44202,2.225782
9129,9129011,31623,1.592369
9130,9130008,19604,0.987155
9131,9131012,12771,0.643081
9132,9132009,13603,0.684976
9133,9133013,21925,1.104028
9134,9134009,34456,1.735024
9135,9135013,46411,2.337015
9136,9136009,53373,2.687585
9137,9137010,52604,2.648862
9138,9138008,44378,2.234644
9139,9139012,31655,1.593980
9140,9140009,19668,0.990378
9141,9141013,12787,0.643886
9142,9142009,13651,0.687393
9143,9143013,21973,1.106445
9144,9144009,34568,1.740664
9145,9145010,46491,2.341044
9146,9146015,53485,2.693225
9147,9147011,52572,2.647251
9148,9148008,44282,2.229810
9149,9149012,31671,1.594786
9150,9150008,19604,0.987155
9151,9151012,12787,0.643886
9152,9152009,13731,0.691421
9153,9153010,21893,1.102417
9154,9154013,34584,1.741469
9155,9155010,46491,2.341044
9156,9156014,53437,2.690808
9157,9157010,52524,2.644834
9158,9158014,44170,2.224170
9159,9159010,31655,1.593980
9160,9160014,19620,0.987961
9161,9161008,12803,0.644692
9162,9162015,13715,0.690616
9163,9163012,21957,1.105640
9164,9164008,34472,1.735830
9165,9165012,46539,2.343460
9166,9166009,53389,2.688391
9167,9167013,52524,2.644834
9168,9168009,44202,2.225782
9169,9169010,31687,1.595592
9170,9170014,19572,0.985544
9171,9171011,12707,0.639858
9172,9172015,13635,0.686587
9173,9173011,21909,1.103223
9174,9174015,34584,1.741469
9175,9175011,46475,2.340238
9176,9176008,53517,2.694836
9177,9177009,52668,2.652085
9178,9178015,44266,2.229004
9179,9179012,31639,1.593175
9180,9180008,19668,0.990378
9181,9181012,12787,0.643886
9182,9182008,13667,0.688199
9183,9183012,22037,1.109668
9184,9184009,34568,1.740664
9185,9185010,46603,2.346684
9186,9186015,53389,2.688391
9187,9187013,52492,2.643222
9188,9188010,44170,2.224170
9189,9189014,31607,1.591563
9190,9190010,19652,0.989572
9191,9191014,12771,0.643081
9192,9192010,13667,0.688199
9193,9193013,21989,1.107251
9194,9194010,34504,1.737441
9195,9195014,46523,2.342655
9196,9196011,53405,2.689196
9197,9197015,52492,2.643222
9198,9198011,44170,2.224170
9199,9199015,31575,1.589952
9200,9200011,19636,0.988766
9201,9201014,12819,0.645498
9202,9202013,13539,0.681753
9203,9203009,21813,1.098389
9204,9204013,34488,1.736635
9205,9205009,46619,2.347489
9206,9206013,53501,2.694030
9207,9207010,52556,2.646445
9208,9208014,44250,2.228198
9209,9209009,31703,1.596397
9210,9210008,19668,0.990378
9211,9211012,12803,0.644692
9212,9212008,13635,0.686587
9213,9213012,21957,1.105640
9214,9214008,34536,1.739052
9215,9215012,46571,2.345072
9216,9216009,53453,2.691614
9217,9217011,52476,2.642417
9218,9218015,44138,2.222559
9219,9219012,31671,1.594786
9220,9220008,19732,0.993600
9221,9221012,12755,0.642275
9222,9222008,13667,0.688199
9223,9223012,22021,1.108862
9224,9224009,34504,1.737441
9225,9225011,46523,2.342655
9226,9226010,53453,2.691614
9227,9227013,52524,2.644834
9228,9228010,44202,2.225782
9229,9229014,31607,1.591563
9230,9230010,19620,0.987961
9231,9231014,12755,0.642275
9232,9232010,13667,0.688199
9233,9233013,21973,1.106445
9234,9234011,34520,1.738247
9235,9235015,46651,2.349100
9236,9236011,53373,2.687585
9237,9237015,52508,2.644028
9238,9238011,44090,2.220142
9239,9239008,31591,1.590758
9240,9240012,19444,0.979098
9241,9241015,12547,0.631801
9242,9242013,13619,0.685782
9243,9243009,22005,1.108057
9244,9244013,34616,1.743081
9245,9245010,46555,2.344266
9246,9246014,53389,2.688391
9247,9247010,52508,2.644028
9248,9248014,44218,2.226587
9249,9249011,31623,1.592369
9250,9250008,19668,0.990378
9251,9251012,12787,0.643886
9252,9252008,13667,0.688199
9253,9253012,21957,1.105640
9254,9254009,34504,1.737441
9255,9255013,46539,2.343460
9256,9256009,53357,2.686780
9257,9257013,52460,2.641611
9258,9258011,44170,2.224170
9259,9259008,31655,1.593980
9260,9260012,19620,0.987961
9261,9261008,12787,0.643886
9262,9262012,13635,0.686587
9263,9263009,21925,1.104028
9264,9264013,34584,1.741469
9265,9265009,46475,2.340238
9266,9266014,53405,2.689196
9267,9267010,52492,2.643222
9268,9268014,44170,2.224170
9269,9269010,31559,1.589146
9270,9270014,19412,0.977487
9271,9271011,12595,0.634218
9272,9272015,13619,0.685782
9273,9273011,21893,1.102417
9274,9274009,34472,1.735830
9275,9275013,46395,2.336210
9276,9276009,53325,2.685168
9277,9277013,52412,2.639194
9278,9278009,44154,2.223364
9279,9279013,31527,1.587535
9280,9280010,19572,0.985544
9281,9281015,12803,0.644692
9282,9282012,13635,0.686587
9283,9283009,21845,1.100000
9284,9284013,34504,1.737441
9285,9285009,46411,2.337015
9286,9286013,53501,2.694030
9287,9287009,52460,2.641611
9288,9288013,44154,2.223364
9289,9289011,31623,1.592369
9290,9290009,19620,0.987961
9291,9291013,12771,0.643081
9292,9292009,13635,0.686587
9293,9293013,21957,1.105640
9294,9294009,34456,1.735024
9295,9295013,46507,2.341849
9296,9296010,53389,2.688391
9297,9297015,52508,2.644028
9298,9298012,44186,2.224976
9299,9299008,31607,1.591563
9300,9300012,19572,0.985544
9301,9301009,12739,0.641469
9302,9302013,13555,0.682559
9303,9303009,21973,1.106445
9304,9304013,34424,1.733413
9305,9305011,46411,2.337015
9306,9306010,53469,2.692419
9307,9307014,52620,2.649668
9308,9308010,44378,2.234644
9309,9309014,31463,1.584312
9310,9310010,19636,0.988766
9311,9311014,12723,0.640664
9312,9312011,13715,0.690616
9313,9313009,21925,1.104028
9314,9314013,34472,1.735830
9315,9315010,46587,2.345878
9316,9316014,53485,2.693225
9317,9317010,52572,2.647251
9318,9318014,44282,2.229810
9319,9319011,31719,1.597203
9320,9320015,19556,0.984738
9321,9321013,12755,0.642275
9322,9322011,13699,0.689810
9323,9323015,22021,1.108862
9324,9324011,34600,1.742275
9325,9325008,46491,2.341044
9326,9326012,53437,2.690808
9327,9327008,52588,2.648057
9328,9328012,44266,2.229004
9329,9329011,31623,1.592369
9330,9330009,19620,0.987961
9331,9331014,12707,0.639858
9332,9332010,13587,0.684170
9333,9333014,21861,1.100806
9334,9334011,34408,1.732607
9335,9335015,46491,2.341044
9336,9336011,53277,2.682751
9337,9337009,52588,2.648057
9338,9338015,44010,2.216114
9339,9339011,31527,1.587535
9340,9340008,19684,0.991183
9341,9341012,12835,0.646303
9342,9342008,13619,0.685782
9343,9343012,21973,1.106445
9344,9344008,34344,1.729384
9345,9345015,46523,2.342655
9346,9346013,53549,2.696448
9347,9347010,52620,2.649668
9348,9348014,44298,2.230616
9349,9349010,31703,1.596397
9350,9350014,19620,0.987961
9351,9351010,12739,0.641469
9352,9352014,13603,0.684976
9353,9353014,21893,1.102417
9354,9354011,34360,1.730190
9355,9355015,46523,2.342655
9356,9356011,53373,2.687585
9357,9357015,52460,2.641611
9358,9358011,44202,2.225782
9359,9359008,31687,1.595592
9360,9360012,19652,0.989572
9361,9361012,12771,0.643081
9362,9362010,13635,0.686587
9363,9363014,21989,1.107251
9364,9364011,34520,1.738247
9365,9365015,46539,2.343460
9366,9366011,53293,2.683557
9367,9367015,52460,2.641611
9368,9368011,44170,2.224170
9369,9369012,31511,1.586729
9370,9370009,19572,0.985544
9371,9371013,12579,0.633413
9372,9372009,13699,0.689810
9373,9373013,22021,1.108862
9374,9374009,34584,1.741469
9375,9375013,46651,2.349100
9376,9376010,53533,2.695642
9377,9377010,52620,2.649668
9378,9378008,44250,2.228198
9379,9379012,31703,1.596397
9380,9380008,19684,0.991183
9381,9381012,12755,0.642275
9382,9382009,13635,0.686587
9383,9383013,21973,1.106445
9384,9384009,34488,1.736635
9385,9385009,46475,2.340238
9386,9386013,53405,2.689196
9387,9387010,52508,2.644028
9388,9388014,44218,2.226587
9389,9389010,31575,1.589952
9390,9390014,19652,0.989572
9391,9391010,12771,0.643081
9392,9392014,13747,0.692227
9393,9393015,21701,1.092749
9394,9394012,34568,1.740664
9395,9395008,46443,2.338627
9396,9396012,53325,2.685168
9397,9397009,52492,2.643222
9398,9398013,44170,2.224170
9399,9399009,31543,1.588340
9400,9400013,19556,0.984738
9401,9401015,12595,0.634218
9402,9402012,13587,0.684170
9403,9403009,21749,1.095166
9404,9404013,34616,1.743081
9405,9405009,46619,2.347489
9406,9406013,53501,2.694030
9407,9407009,52604,2.648862
9408,9408013,44074,2.219336
9409,9409015,31655,1.593980
9410,9410013,19668,0.990378
9411,9411010,12803,0.644692
9412,9412014,13747,0.692227
9413,9413010,21941,1.104834
9414,9414014,34568,1.740664
9415,9415010,46555,2.344266
9416,9416014,53437,2.690808
9417,9417009,52540,2.645640
9418,9418014,44234,2.227393
9419,9419010,31687,1.595592
9420,9420014,19764,0.995212
9421,9421011,12787,0.643886
9422,9422015,13699,0.689810
9423,9423011,21973,1.106445
9424,9424015,34568,1.740664
9425,9425009,46491,2.341044
9426,9426015,53453,2.691614
9427,9427012,52540,2.645640
9428,9428008,44298,2.230616
9429,9429012,31623,1.592369
9430,9430008,19700,0.991989
9431,9431012,12803,0.644692
9432,9432009,13635,0.686587
9433,9433012,22037,1.109668
9434,9434011,34584,1.741469
9435,9435015,46491,2.341044
9436,9436011,53437,2.690808
9437,9437015,52492,2.643222
9438,9438011,44186,2.224976
9439,9439008,31671,1.594786
9440,9440012,19636,0.988766
9441,9441013,12691,0.639052
9442,9442013,13619,0.685782
9443,9443010,21941,1.104834
9444,9444014,34536,1.739052
9445,9445010,46411,2.337015
9446,9446014,53261,2.681946
9447,9447010,52460,2.641611
9448,9448014,44138,2.222559
9449,9449010,31575,1.589952
9450,9450015,19604,0.987155
9451,9451011,12739,0.641469
9452,9452015,13699,0.689810
9453,9453012,21829,1.099194
9454,9454008,34328,1.728579
9455,9455012,46443,2.338627
9456,9456008,53309,2.684362
9457,9457012,52348,2.635972
9458,9458009,44074,2.219336
9459,9459013,31463,1.584312
9460,9460010,19572,0.985544
9461,9461014,12787,0.643886
9462,9462010,13619,0.685782
9463,9463014,21973,1.106445
9464,9464010,34552,1.739858
9465,9465012,46555,2.344266
9466,9466010,53437,2.690808
9467,9467014,52492,2.643222
9468,9468010,44250,2.228198
9469,9469014,31607,1.591563
9470,9470010,19652,0.989572
9471,9471014,12771,0.643081
9472,9472011,13683,0.689004
9473,9473013,21941,1.104834
9474,9474010,34488,1.736635
9475,9475014,46571,2.345072
9476,9476010,53405,2.689196
9477,9477014,52460,2.641611
9478,9478011,44218,2.226587
9479,9479015,31591,1.590758
9480,9480011,19668,0.990378
9481,9481014,12787,0.643886
9482,9482012,13683,0.689004
9483,9483009,21845,1.100000
9484,9484013,34584,1.741469
9485,9485009,46427,2.337821
9486,9486013,53341,2.685974
9487,9487010,52508,2.644028
9488,9488014,44186,2.224976
9489,9489010,31543,1.588340
9490,9490014,19396,0.976681
9491,9491011,12595,0.634218
9492,9492015,13475,0.678531
9493,9493011,21733,1.094360
9494,9494015,34568,1.740664
9495,9495011,46507,2.341849
9496,9496008,53485,2.693225
9497,9497012,52476,2.642417
9498,9498009,44218,2.226587
9499,9499013,31511,1.586729
9500,9500009,19604,0.987155
9501,9501013,12739,0.641469
9502,9502010,13539,0.681753
9503,9503014,21845,1.100000
9504,9504010,34392,1.731801
9505,9505015,46427,2.337821
9506,9506012,53261,2.681946
9507,9507008,52652,2.651280
9508,9508012,44186,2.224976
9509,9509009,31751,1.598814
9510,9510013,19444,0.979098
9511,9511009,12835,0.646303
9512,9512013,13731,0.691421
9513,9513009,22005,1.108057
9514,9514008,34552,1.739858
9515,9515012,46651,2.349100
9516,9516008,53469,2.692419
9517,9517012,52572,2.647251
9518,9518009,44314,2.231421
9519,9519013,31511,1.586729
9520,9520009,19748,0.994406
9521,9521013,12547,0.631801
9522,9522010,13651,0.687393
9523,9523014,21797,1.097583
9524,9524010,34392,1.731801
9525,9525014,46395,2.336210
9526,9526010,53501,2.694030
9527,9527014,52636,2.650474
9528,9528011,44362,2.233838
9529,9529009,31511,1.586729
9530,9530015,19428,0.978292
9531,9531011,12643,0.636635
9532,9532015,13491,0.679336
9533,9533012,21717,1.093555
9534,9534008,34360,1.730190
9535,9535012,46507,2.341849
9536,9536008,53293,2.683557
9537,9537015,52508,2.644028
9538,9538012,44186,2.224976
9539,9539009,31607,1.591563
9540,9540013,19524,0.983127
9541,9541009,12611,0.635024
9542,9542013,13555,0.682559
9543,9543009,21861,1.100806
9544,9544013,34472,1.735830
9545,9545011,46475,2.340238
9546,9546009,53293,2.683557
9547,9547013,52428,2.640000
9548,9548009,44186,2.224976
9549,9549013,31431,1.582701
9550,9550009,19476,0.980709
9551,9551013,12835,0.646303
9552,9552010,13715,0.690616
9553,9553008,21957,1.105640
9554,9554013,34632,1.743886
9555,9555009,46555,2.344266
9556,9556013,53485,2.693225
9557,9557010,52540,2.645640
9558,9558014,44234,2.227393
9559,9559010,31671,1.594786
9560,9560014,19668,0.990378
9561,9561012,12803,0.644692
9562,9562008,13651,0.687393
9563,9563012,21989,1.107251
9564,9564009,34504,1.737441
9565,9565013,46475,2.340238
9566,9566009,53277,2.682751
9567,9567013,52476,2.642417
9568,9568009,44186,2.224976
9569,9569008,31623,1.592369
9570,9570013,19636,0.988766
9571,9571009,12739,0.641469
9572,9572013,13571,0.683365
9573,9573010,21845,1.100000
9574,9574014,34456,1.735024
9575,9575010,46427,2.337821
9576,9576014,53293,2.683557
9577,9577013,52412,2.639194
9578,9578011,44202,2.225782
9579,9579015,31575,1.589952
9580,9580011,19620,0.987961
9581,9581015,12739,0.641469
9582,9582011,13539,0.681753
9583,9583008,21973,1.106445
9584,9584012,34664,1.745498
9585,9585011,46427,2.337821
9586,9586008,53293,2.683557
9587,9587012,52476,2.642417
9588,9588008,44202,2.225782
9589,9589012,31575,1.589952
9590,9590009,19524,0.983127
9591,9591013,12563,0.632607
9592,9592009,13491,0.679336
9593,9593010,21749,1.095166
9594,9594009,34472,1.735830
9595,9595013,46427,2.337821
9596,9596009,53277,2.682751
9597,9597013,52460,2.641611
9598,9598009,44074,2.219336
9599,9599013,31687,1.595592
9600,9600010,19700,0.991989
9601,9601010,12803,0.644692
9602,9602009,13683,0.689004
9603,9603013,22037,1.109668
9604,9604010,34616,1.743081
9605,9605014,46635,2.348295
9606,9606010,53517,2.694836
9607,9607014,52604,2.648862
9608,9608010,44266,2.229004
9609,9609010,31655,1.593980
9610,9610008,19652,0.989572
9611,9611012,12771,0.643081
9612,9612008,13603,0.684976
9613,9613012,21925,1.104028
9614,9614009,34456,1.735024
9615,9615013,46443,2.338627
9616,9616009,53293,2.683557
9617,9617009,52508,2.644028
9618,9618014,44122,2.221753
9619,9619011,31735,1.598009
9620,9620015,19444,0.979098
9621,9621011,12563,0.632607
9622,9622015,13491,0.679336
9623,9623011,21765,1.095972
9624,9624008,34376,1.730996
9625,9625009,46395,2.336210
9626,9626015,53469,2.692419
9627,9627011,52652,2.651280
9628,9628015,44234,2.227393
9629,9629011,31623,1.592369
9630,9630008,19668,0.990378
9631,9631012,12803,0.644692
9632,9632008,13635,0.686587
9633,9633010,21925,1.104028
9634,9634015,34568,1.740664
9635,9635011,46491,2.341044
9636,9636008,53389,2.688391
9637,9637012,52524,2.644834
9638,9638008,44218,2.226587
9639,9639012,31671,1.594786
9640,9640008,19700,0.991989
9641,9641009,12787,0.643886
9642,9642015,13699,0.689810
9643,9643012,21941,1.104834
9644,9644008,34568,1.740664
9645,9645012,46555,2.344266
9646,9646008,53469,2.692419
9647,9647012,52636,2.650474
9648,9648009,44202,2.225782
9649,9649010,31719,1.597203
9650,9650009,19716,0.992795
9651,9651013,12803,0.644692
9652,9652009,13667,0.688199
9653,9653013,21909,1.103223
9654,9654010,34632,1.743886
9655,9655014,46699,2.351518
9656,9656010,53517,2.694836
9657,9657012,52508,2.644028
9658,9658009,44314,2.231421
9659,9659013,31703,1.596397
9660,9660010,19444,0.979098
9661,9661014,12579,0.633413
9662,9662010,13411,0.675308
9663,9663014,21797,1.097583
9664,9664010,34376,1.730996
9665,9665013,46443,2.338627
9666,9666010,53389,2.688391
9667,9667013,52508,2.644028
9668,9668010,44138,2.222559
9669,9669014,31527,1.587535
9670,9670010,19476,0.980709
9671,9671014,12595,0.634218
9672,9672010,13699,0.689810
9673,9673013,21797,1.097583
9674,9674010,34344,1.729384
9675,9675014,46667,2.349906
9676,9676011,53485,2.693225
9677,9677015,52540,2.645640
9678,9678011,44298,2.230616
9679,9679015,31639,1.593175
9680,9680011,19652,0.989572
9681,9681014,12755,0.642275
9682,9682011,13667,0.688199
9683,9683015,21861,1.100806
9684,9684011,34616,1.743081
9685,9685008,46459,2.339432
9686,9686012,53132,2.675450
9687,9687008,52700,2.653696
9688,9688012,44346,2.233033
9689,9689015,31687,1.595592
9690,9690012,19620,0.987961
9691,9691008,12819,0.645498
9692,9692012,13747,0.692227
9693,9693008,21941,1.104834
9694,9694012,34536,1.739052
9695,9695009,46395,2.336210
9696,9696013,53373,2.687585
9697,9697009,52492,2.643222
9698,9698008,44234,2.227393
9699,9699012,31703,1.596397
9700,9700009,19668,0.990378
9701,9701013,12771,0.643081
9702,9702009,13699,0.689810
9703,9703013,21957,1.105640
9704,9704009,34536,1.739052
9705,9705014,46459,2.339432
9706,9706013,53437,2.690808
9707,9707010,52572,2.647251
9708,9708014,44186,2.224976
9709,9709010,31703,1.596397
9710,9710014,19604,0.987155
9711,9711011,12803,0.644692
9712,9712015,13683,0.689004
9713,9713011,21925,1.104028
9714,9714015,34584,1.741469
9715,9715011,46507,2.341849
9716,9716008,53357,2.686780
9717,9717012,52492,2.643222
9718,9718008,44218,2.226587
9719,9719012,31655,1.593980
9720,9720008,19652,0.989572
9721,9721011,12755,0.642275
9722,9722009,13651,0.687393
9723,9723013,21973,1.106445
9724,9724009,34488,1.736635
9725,9725013,46507,2.341849
9726,9726009,53277,2.682751
9727,9727013,52428,2.640000
9728,9728010,44106,2.220948
9729,9729013,31447,1.583506
9730,9730011,19460,0.979904
9731,9731014,12627,0.635830
9732,9732011,13699,0.689810
9733,9733015,22069,1.111280
9734,9734011,34632,1.743886
9735,9735015,46683,2.350712
9736,9736011,53341,2.685974
9737,9737009,52444,2.640806
9738,9738013,44058,2.218530
9739,9739010,31623,1.592369
9740,9740014,19588,0.986349
9741,9741010,12707,0.639858
9742,9742014,13523,0.680948
9743,9743010,21877,1.101611
9744,9744014,34456,1.735024
9745,9745013,46395,2.336210
9746,9746010,53293,2.683557
9747,9747014,52476,2.642417
9748,9748010,44218,2.226587
9749,9749014,31575,1.589952
9750,9750010,19572,0.985544
9751,9751014,12771,0.643081
9752,9752011,13491,0.679336
9753,9753009,21685,1.091943
9754,9754014,34392,1.731801
9755,9755011,46635,2.348295
9756,9756015,53565,2.697253
9757,9757011,52652,2.651280
9758,9758008,44090,2.220142
9759,9759012,31735,1.598009
9760,9760008,19732,0.993600
9761,9761013,12787,0.643886
9762,9762010,13667,0.688199
9763,9763014,22005,1.108057
9764,9764010,34584,1.741469
9765,9765014,46619,2.347489
9766,9766010,53389,2.688391
9767,9767014,52492,2.643222
9768,9768011,44218,2.226587
9769,9769010,31655,1.593980
9770,9770008,19652,0.989572
9771,9771012,12755,0.642275
9772,9772009,13667,0.688199
9773,9773013,21973,1.106445
9774,9774009,34392,1.731801
9775,9775013,46523,2.342655
9776,9776009,53357,2.686780
9777,9777015,52460,2.641611
9778,9778013,44202,2.225782
9779,9779009,31591,1.590758
9780,9780013,19604,0.987155
9781,9781010,12755,0.642275
9782,9782014,13651,0.687393
9783,9783010,21861,1.100806
9784,9784014,34504,1.737441
9785,9785014,46507,2.341849
9786,9786013,53325,2.685168
9787,9787009,52444,2.640806
9788,9788013,44170,2.224170
9789,9789010,31463,1.584312
9790,9790014,19684,0.991183
9791,9791010,12659,0.637441
9792,9792014,13491,0.679336
9793,9793013,21797,1.097583
9794,9794011,34408,1.732607
9795,9795008,46395,2.336210
9796,9796012,53277,2.682751
9797,9797008,52428,2.640000
9798,9798012,44074,2.219336
9799,9799009,31639,1.593175
9800,9800013,19684,0.991183
9801,9801012,12739,0.641469
9802,9802009,13699,0.689810
9803,9803013,21845,1.100000
9804,9804009,34552,1.739858
9805,9805013,46603,2.346684
9806,9806010,53485,2.693225
9807,9807014,52588,2.648057
9808,9808010,44234,2.227393
9809,9809009,31687,1.595592
9810,9810008,19716,0.992795
9811,9811012,12835,0.646303
9812,9812008,13667,0.688199
9813,9813012,22005,1.108057
9814,9814009,34568,1.740664
9815,9815013,46635,2.348295
9816,9816009,53533,2.695642
9817,9817009,52652,2.651280
9818,9818014,44298,2.230616
9819,9819010,31783,1.600426
9820,9820014,19460,0.979904
9821,9821011,12595,0.634218
9822,9822015,13667,0.688199
9823,9823011,21845,1.100000
9824,9824015,34312,1.727773
9825,9825015,46411,2.337015
9826,9826012,53325,2.685168
9827,9827008,52620,2.649668
9828,9828012,44330,2.232227
9829,9829008,31879,1.605260
9830,9830012,19636,0.988766
9831,9831009,12723,0.640664
9832,9832013,13715,0.690616
9833,9833013,21989,1.107251
9834,9834010,34504,1.737441
9835,9835014,46507,2.341849
9836,9836010,53389,2.688391
9837,9837014,52508,2.644028
9838,9838011,44186,2.224976
9839,9839015,31511,1.586729
9840,9840011,19636,0.988766
9841,9841011,12579,0.633413
9842,9842009,13699,0.689810
9843,9843013,21797,1.097583
9844,9844009,34360,1.730190
9845,9845013,46443,2.338627
9846,9846009,53357,2.686780
9847,9847013,52396,2.638389
9848,9848010,44074,2.219336
9849,9849011,31447,1.583506
9850,9850008,19604,0.987155
9851,9851012,12723,0.640664
9852,9852009,13491,0.679336
9853,9853013,21845,1.100000
9854,9854009,34520,1.738247
9855,9855013,46651,2.349100
9856,9856009,53469,2.692419
9857,9857010,52364,2.636777
9858,9858009,44330,2.232227
9859,9859013,31495,1.585924
9860,9860009,19636,0.988766
9861,9861013,12803,0.644692
9862,9862010,13667,0.688199
9863,9863014,22037,1.109668
9864,9864010,34504,1.737441
9865,9865012,46523,2.342655
9866,9866009,53405,2.689196
9867,9867013,52492,2.643222
9868,9868009,44234,2.227393
9869,9869013,31623,1.592369
9870,9870009,19604,0.987155
9871,9871013,12771,0.643081
9872,9872010,13571,0.683365
9873,9873010,21877,1.101611
9874,9874015,34536,1.739052
9875,9875011,46459,2.339432
9876,9876008,53373,2.687585
9877,9877012,52380,2.637583
9878,9878008,44042,2.217725
9879,9879012,31495,1.585924
9880,9880008,19668,0.990378
9881,9881010,12803,0.644692
9882,9882014,13731,0.691421
9883,9883011,21941,1.104834
9884,9884015,34680,1.746303
9885,9885011,46587,2.345878
9886,9886008,53357,2.686780
9887,9887012,52572,2.647251
9888,9888008,44282,2.229810
9889,9889012,31655,1.593980
9890,9890009,19716,0.992795
9891,9891012,12819,0.645498
9892,9892009,13683,0.689004
9893,9893013,22005,1.108057
9894,9894009,34568,1.740664
9895,9895013,46523,2.342655
9896,9896009,53421,2.690002
9897,9897011,52540,2.645640
9898,9898008,44266,2.229004
9899,9899012,31639,1.593175
9900,9900008,19716,0.992795
9901,9901012,12723,0.640664
9902,9902008,13651,0.687393
9903,9903012,21941,1.104834
9904,9904009,34552,1.739858
9905,9905012,46539,2.343460
9906,9906010,53357,2.686780
9907,9907014,52476,2.642417
9908,9908011,44250,2.228198
9909,9909015,31591,1.590758
9910,9910011,19636,0.988766
9911,9911015,12611,0.635024
9912,9912011,13651,0.687393
9913,9913014,21957,1.105640
9914,9914012,34504,1.737441
9915,9915008,46443,2.338627
9916,9916012,53325,2.685168
9917,9917008,52540,2.645640
9918,9918012,44266,2.229004
9919,9919009,31719,1.597203
9920,9920013,19668,0.990378
9921,9921015,12771,0.643081
9922,9922013,13651,0.687393
9923,9923009,21909,1.103223
9924,9924013,34616,1.743081
9925,9925010,46555,2.344266
9926,9926014,53517,2.694836
9927,9927010,52588,2.648057
9928,9928014,44314,2.231421
9929,9929011,31463,1.584312
9930,9930015,19460,0.979904
9931,9931012,12771,0.643081
9932,9932008,13651,0.687393
9933,9933012,21973,1.106445
9934,9934009,34536,1.739052
9935,9935013,46667,2.349906
9936,9936009,53469,2.692419
9937,9937012,52604,2.648862
9938,9938009,44362,2.233838
9939,9939012,31703,1.596397
9940,9940009,19700,0.991989
9941,9941013,12787,0.643886
9942,9942009,13635,0.686587
9943,9943013,22053,1.110474
9944,9944009,34552,1.739858
9945,9945013,46507,2.341849
9946,9946011,53405,2.689196
9947,9947015,52508,2.644028
9948,9948011,44186,2.224976
9949,9949008,31671,1.594786
9950,9950012,19620,0.987961
9951,9951008,12755,0.642275
9952,9952012,13763,0.693033
9953,9953008,21765,1.095972
9954,9954012,34472,1.735830
9955,9955009,46523,2.342655
9956,9956013,53565,2.697253
9957,9957009,52652,2.651280
9958,9958013,44298,2.230616
9959,9959010,31751,1.598814
9960,9960014,19732,0.993600
9961,9961011,12851,0.647109
9962,9962008,13683,0.689004
9963,9963012,22117,1.113696
9964,9964009,34584,1.741469
9965,9965013,46651,2.349100
9966,9966009,53357,2.686780
9967,9967013,52412,2.639194
9968,9968009,44346,2.233033
9969,9969015,31479,1.585118
9970,9970013,19364,0.975070
9971,9971009,12803,0.644692
9972,9972013,13603,0.684976
9973,9973010,21893,1.102417
9974,9974014,34504,1.737441
9975,9975010,46331,2.332987
9976,9976014,53357,2.686780
9977,9977011,52476,2.642417
9978,9978008,44138,2.222559
9979,9979012,31479,1.585118
9980,9980008,19524,0.983127
9981,9981012,12579,0.633413
9982,9982009,13459,0.677725
9983,9983013,21909,1.103223
9984,9984009,34472,1.735830
9985,9985015,46475,2.340238
9986,9986015,53405,2.689196
9987,9987012,52460,2.641611
9988,9988009,44154,2.223364
9989,9989013,31623,1.592369
9990,9990009,19668,0.990378
9991,9991013,12787,0.643886
9992,9992010,13603,0.684976
9993,9993015,21829,1.099194
9994,9994012,34344,1.729384
9995,9995008,46411,2.337015
9996,9996012,53517,2.694836
9997,9997008,52588,2.648057
9998,9998012,44314,2.231421
9999,9999009,31719,1.597203
